1	A0A168TUC7
1	A0A0U3QHI5
1	M5TD75
1	D1AMI9
1	A0A0J1DF41
1	A0A124HL46
1	A0A154BQG9
1	F6DKN3
1	A0A0Q2UTZ3
1	F0LVB7
1	R5ZH92
1	C4Z7C4
1	A0A174ZNQ1
1	A0A0U5NYE3
1	A0A089M1Z8
1	A0A0C2JJA7
1	A0A0K1RAF3
1	R7A348
1	A0A0C5VRS3
1	E1HWX8
1	A0A0H3XDD4
1	A0A0G3J6S9
1	M9FQA1
1	B3HCY3
1	A0A0F6MH38
1	A0A0G3JGJ6
1	A0A0D8W462
1	E3PK26
1	A0A0S3NQ38
1	A0A0E0V9W8
1	E3XTI5
1	M9KW62
1	N2JPC3
1	B7LH51
1	I2RE89
1	S1LJM5
1	S0XTI2
1	A0A062Y4J2
1	B2U0A2
1	H4K7Z2
1	E9YUM0
1	M8PTN1
1	S0UFL5
1	A0A0E0XTS7
1	D7XRN6
1	L5H2G5
1	B7UJ18
1	N2KAK9
1	T6GMJ7
1	A0A023Z2W2
1	U9XXI4
1	A0A027U1A0
1	M8JXB0
1	I2RYU9
1	A0A070DJH2
1	M8LHP1
1	A0A017I8E8
1	L3QE39
1	V6FZA8
1	A0A0A8UDZ1
1	F4VJB6
1	C8UG74
1	A0A085P801
1	F4TJ81
1	A0A0E2TUN0
1	E2X7S0
1	D7X618
1	V2RRS9
1	T6LWU6
1	S1ECM0
1	C3STD8
1	A0A066SPQ9
1	A0A0L6ZW08
1	A0A080FLA7
1	D6IE32
1	F4V6L6
1	H4JSF4
1	N3JYP8
1	A0A0G3KA79
1	D8A8Q2
1	T6A247
1	B7MB44
1	U9XXR2
1	E7T7K5
1	H4UPG6
1	T9S404
1	D7ZEG0
1	X7P4F0
1	A0A0M7N5G9
1	A0A0F6EHS6
1	E1HK93
1	T9CKY8
1	A0A181WVY3
1	N4N2B9
1	A0A177BLC6
1	D6JEZ3
1	Q32BK3
1	A0A069FP23
1	A0A0P7ZUW3
1	T5U180
1	E7SLT6
1	A0A0F3UL29
1	A0A080ILG3
1	N4PFH3
1	A0A0F6C985
1	A0A070V9H2
1	U9ZPM4
1	A0A026RTB4
1	A0A0D0LNK8
1	M9ICP3
1	L3C0M7
1	B7N0B5
1	A0A0S3N0G7
1	A0A142V1I9
1	A0A0H2VB14
1	A0A125WY80
1	V1AW84
1	A0A0P7NT72
1	A0A0H3MQC6
1	L2XAU0
1	A0A0H3EM61
1	H1BXC9
1	A0A073G7K8
1	A0A070T1F3
1	A0A0E2U5P0
1	V8FJP0
1	L9I267
1	H4IXE2
1	I2UHK3
1	F4NI15
1	A0A069XRP3
1	A0A028AB65
1	E7T5X5
1	I6DSS2
1	D3QS57
1	V0SXV2
1	A7ZS04
1	A0A026VCU1
1	A0A029LYJ6
1	E8Y3C2
1	S0V9B6
1	L4J1E8
1	A0A142H6Z0
1	A0A028ECP8
1	A0A069XC03
1	E9TH09
1	A0A0E1LGG8
1	W1B9L5
1	A0A073H6F6
1	H3KUB2
1	A0A070KCT2
1	J2NFP7
1	I4T2X6
1	M2NI90
1	A0A070FEG8
1	A0A064TCS0
1	A0A0S3NCF2
1	T9FPD3
1	I2SUJ5
1	A0A0H7MTY8
1	R8X3V4
1	S1J1R3
1	A0A029PDW1
1	Q3YXB5
1	A0A0H3PT84
1	A0A0A1AAG5
1	H4IGN4
1	A0A073UMP2
1	Q31WR7
1	A0A0E2L211
1	V0WZN7
1	T8ZV68
1	A0A074IBK9
1	K4XL04
1	A0A074HTY4
1	A0A024KNA6
1	A0A070D8D4
1	H4JD84
1	T5NX48
1	F4SNB4
1	P42632
1	K0WWC2
1	V0RKW9
1	K4X9W2
1	L3KG44
1	A0A0E1M3K1
1	A0A0F6FCH6
1	A0A135PFY1
1	D8ELJ5
1	E6BFG2
1	D7ZZG2
1	E9YJB0
1	G0F716
1	H4I1E4
1	V0V5A4
1	A0A029KC82
1	A0A127GPR3
1	C8TXB0
1	C8THD1
1	V6FK89
1	A0A0G9FSI6
1	A0A0F3V3Q0
1	S1H7L4
1	W1WY14
1	S1I774
1	A0A0E1TAD2
1	I2X595
1	V0A231
1	A0A025CM59
1	H4LHH0
1	D7XZ38
1	N3NIK6
1	A0A0H2Z2Y8
1	D2A838
1	V2UEL6
1	W8ZP47
1	A0A166DHI4
1	N3EYK4
1	C3STD7
1	B6I489
1	B7NDA2
1	F3WNF1
1	M9D8Y4
1	S0YFW8
1	Q83JI3
1	A0A0K4HWX6
1	A0A0E0U4U1
1	Q0T0F4
1	V0TMD0
1	A0A073FS95
1	A0A0K9TG90
1	A0A0L1C7U3
1	Q1R6L9
1	A0A0L6XWZ9
1	H4KM97
1	S1NYU5
1	M9G7U9
1	A0A029LE37
1	W0AQV2
1	F4W010
1	A0A073W2Z6
1	J7RV90
1	T8J699
1	A0A070SWF9
1	D8E508
1	F8XJP4
1	L3NXQ3
1	S1D798
1	S0WBV3
1	A0A0L6NSG8
1	F5NZP3
1	A0A176ZRT5
1	L3PZZ4
1	O32561
1	L2VMW4
1	A0A090NDZ6
1	N4NQ83
1	Q8XAF2
1	F4T3D7
1	A0A140N857
1	B1LFL6
1	U9YPA3
1	K3JMU4
1	L4V3X5
1	E1IL62
1	V0ZIV8
1	A0A029IJX3
1	V0YDM7
1	D3GWT1
1	V8JW28
1	E1J0L3
1	I2W8C8
1	E0IWM0
1	S1CIG9
1	B1EF43
1	U9Y727
1	I2WZK7
1	D6I1A0
1	I6FMR6
1	A0A029HJ72
1	M8XFF2
1	A0A125XDL5
1	M9GB41
1	H9UX15
1	N2H6C8
1	D8BY48
1	L2VHX8
1	A0A128AN20
1	N2QGY7
1	D7YDJ7
1	I6CHH5
1	A0A0W3CQN5
1	E9XGG2
1	A0A0A0GDA7
1	I0VVL2
1	S1GD34
1	A0A0P7Q0U2
1	A0A0A0FI75
1	A0A080EVL3
1	E6UD88
1	A0A011WRU3
1	E9SB56
1	A0A0R1V307
1	A0A0U1LA29
1	A0A181DG07
1	A0A0M2BX42
1	A0A175X795
1	A0A0M1RA49
1	D2ZKS1
1	A0A0F1APP7
1	A0A0M7E0V7
1	W7NU70
1	A0A179PLL4
1	A0A175QE20
1	A0A177J4Y7
1	A0A0F1PJR8
1	A0A145XMY2
1	A0A167MFS1
1	A0A0W2ML06
1	G8LFI6
1	A0A0F3XSB1
1	A0A156L3R5
1	A0A159YS22
1	A0A0N8NAC6
1	A0A066P2A8
1	A0A0H0DF26
1	A0A0E1JEP9
1	A0A167TYT3
1	A0A156FM08
1	A0A167GCS3
1	A0A0F1HDW6
1	A0A145E2R0
1	A0A0X6KMP4
1	A0A175PWJ3
1	A0A176X2K5
1	A0A0K0I8B8
1	A0A155AA97
1	A0A0A7ZJZ5
1	A0A0G3PGC9
1	A0A0X4EIF1
1	A0A161ZR67
1	A0A145KWX5
1	A0A0W2YTS1
1	A0A0V9E5Q8
1	A0A0P8J3L3
1	A0A126PLZ7
1	A0A0J1VHA7
1	A0A156M7K2
1	A0A0E2M4N8
1	A0A144N0Z5
1	F5S2C9
1	A0A0H0D5T2
1	A0A181Y401
1	A0A144I8G5
1	A0A0F4BQB1
1	A0A155A5R2
1	A0A0P8B817
1	G2SCC3
1	A0A0F3YB62
1	A0A144VEG1
1	A0A155JEQ2
1	A0A0E2JPS0
1	A0A144G3S1
1	A0A0H0CAG1
1	A0A0J0DC67
1	A0A0W2H8E4
1	A0A162E8Q2
1	A0A0X6ZDK8
1	V3PXL9
1	A0A0H3CS74
1	A0A0N8MN32
1	W0BF25
1	A0A0F0YDB0
1	A0A157R1D3
1	V3CHD3
1	A0A175SGL0
1	A0A0F0TVH7
1	A0A0T5XRP7
1	A0A0J6Q9K0
1	A0A0J0IE98
1	A0A0M2JHN7
1	F4N379
1	A0A0T9S7Y7
1	A0A0E8GQ73
1	C4TWX0
1	A1JIN0
1	A0A0H3NVD7
1	A0A0T9L3N1
1	A0A0H5H0D8
1	A0A090U038
1	A0A078LGW4
1	A0A0A1RPS0
1	D4BJE2
1	A0A100V0J1
1	A0A0J1NRG4
1	A0A0J1MM43
1	A0A023V5F9
1	A0A0F5SKB4
1	A0A0J1LS70
1	I6GL80
1	A0A0J1L0C1
1	A0A0P8PSU8
1	A0A0G9N1K1
1	D2TQY3
1	A0A0J1Q999
1	R8WMP0
1	A0A0J0IJ72
1	A8AQ06
1	A0A140QCV4
1	A0A0D7LX13
1	A0A0P8QTR8
1	A0A073VGY3
1	A0A156IWV6
1	A0A064DJJ7
1	A0A127N424
1	A0A0B8Z938
1	A0A097R7L5
1	A0A0K0HWY7
1	A0A0M2NAX4
1	A0A085H1X9
1	A0A0C5W6Q5
1	E5YMN3
1	G9Y4E3
1	F3ZPC3
1	A0A021VPJ3
1	A0A0D0QX39
1	Q9S4V8
1	K1IR42
1	A0A0T6RGQ8
1	A0A142E239
1	K1IW69
1	A0A0E2LJC9
1	A0A0T6UJZ8
1	A0A160EYF0
1	C2KV82
1	A0A037Z185
1	A0A096CRP0
1	I0GQ15
1	A0A0T9UQH0
1	A0A085HDP4
1	A0A0L0AWS0
1	K9EVS0
1	A0A133XWI1
1	U2XRL0
1	L0M1L1
1	A0A0D7EJ38
1	A0A038CYX0
1	H3MNM6
1	A0A163VR89
1	A0A085IHM6
1	A0A181XA32
1	A0A151AKK2
1	A0A0J8DEG8
1	A0A0D5WYI2
1	J0M4X1
1	S3J1C4
1	A0A089UER2
1	A0A089Q463
1	A0A0C2HCA4
1	R6PQ45
1	F3BCV0
1	B6FP38
1	E8SFS4
1	A0A161UB86
1	A0A166RNY3
1	A0A0K1AAY3
1	A0A099HW85
1	A0A133QVT5
1	U7PF08
1	J5HNR2
1	E7N3P7
1	E4LN90
1	K9D0X8
1	H3NER1
1	A0A080KN57
1	A0A080KAT6
1	X2GVH5
1	A0A080LLD6
1	A0A0A7RXY7
1	A0A066T422
1	Q0F2V3
1	A0A0A2UJB2
1	A0A0M9BIA9
1	A0A0J1EWU4
1	A0A0Q7SST7
1	W4AFG6
1	A0A100VMW7
1	A0A178KU05
1	A9NE91
1	A0A0K2JCP1
1	U2RAT2
1	A0A0L6JU93
1	E6U8V7
1	M2PZC9
1	V9H4Q1
1	A0A0G9LD21
1	R9C1Y9
1	D1YNH3
1	D6KRF9
1	J5AKW8
1	E1L5R6
1	D1BQX8
1	E1LDL6
1	A0A133S415
1	S3AT30
1	E4LEB4
1	L1PT62
1	W3Y3K8
1	C4FSB9
1	W1V0F7
1	A0A134C7T6
1	X8H5B0
1	T0T932
1	A0A134C0L4
1	F5KZV4
1	A0A098QYS8
1	A0A0X1U7X8
1	W1WIL7
1	B0A8T6
1	R5XMD2
1	A0A174K6I9
1	B9EA80
1	B0MLN7
1	D4MI72
1	R6RIN2
1	A0A175A2X7
1	D4JVN6
1	E7RLW2
1	V8BT62
1	A0A0A7FW01
1	A0A174S5J0
1	A0A174LJG6
1	A0A0F3FSL3
1	A0A100JJ07
1	C9Z3I6
1	A0A143PCK4
1	B9DKM6
1	I6GMV0
1	A0A088Y1D3
1	F2NAZ8
1	A0A0M2VMC8
1	A0A0J0U9U2
1	A0A0A8VLJ3
1	A0A0A8VZX3
1	A0A0M1UU27
1	K1RNT2
1	A0A0N0MXN5
1	A7GKX8
1	A0A0D6XSJ4
1	A0A161UE97
1	A0A133YZG7
1	G8LWF9
1	D0GLP0
1	A0A0M8TXM1
1	K0IVJ3
1	A0A179B5G6
1	D0WNY0
1	S2Z766
1	C2GHG2
1	E5VUW3
1	R6RLX4
1	B0MHY9
1	R2RT77
1	C8ZZB3
1	A0A0N1LZL4
1	T2NL38
1	T0VAL8
1	S4C078
1	A0A0X8PQD7
1	C9A4N2
1	C9CPN0
1	F0EN49
1	J1HV51
1	S4CLN6
1	G5IUW6
1	B6G147
1	E0RUH3
1	A0A160F1Y5
1	A6TQA1
1	K0AAD7
1	R5NCJ0
1	A0A0X8WYD0
1	A0A0R2BJ04
1	J6UFD4
1	F9EH28
1	W7BT80
1	D7UZF4
1	A0A174RKG8
1	W6N607
1	A0A073KAM7
1	F8WW32
1	U2UUW7
1	D4CJM5
1	D8E078
1	R6KQI5
1	R6FUT8
1	S2WE43
1	A0A068NIE3
1	F5WRS3
1	E7FXF3
1	W7CQT3
1	F2KVY9
1	F0H6J7
1	A0A096BJF7
1	U2KEB6
1	C2BHE8
1	A0A095Y9P8
1	A0A0Q9ALH1
1	A0A0M8VBW2
1	U5MRF6
1	A0A0M0VQN5
1	A0A163LAV7
1	W4BHW5
1	D3E6I1
1	F3MHG9
1	A0A0M1P287
1	D3VBI1
1	N1NLM0
1	A0A0A8P226
1	A0A0J5FWG0
1	A0A068R4B0
1	A0A0M0T7Q8
1	A0A068QTX3
1	A0A0R4FLG0
1	C9RPI5
1	A0A0B2YTD3
1	A0A0M2XKX5
1	A0A0B6ET53
1	C3PIM8
1	F0RYP8
1	A0A0W8EA41
1	G1WHL8
1	R5Q6Q6
1	A0A0J8YX88
1	A0A0M0X8S9
1	A0A0Q3QPE4
1	G9PYD1
1	N0AWD7
1	K6DBW8
1	E0NIM5
1	U7UXK3
1	A0A075R2D7
1	A0A0F6XYQ6
1	A0A177XT17
1	H0U4C2
1	A0A0B1ZE46
1	A0A0R3KXX8
1	A0A0U1P0C2
1	V6QDL8
1	A0A0V7ZVG7
1	N0AT28
1	A0A173WNI0
1	A0A174C9Y6
1	A0A173S370
1	A0A0X1TKC9
1	D4W5W5
1	A0A0G8GET8
1	A0A0G8G4D9
1	G2SPL3
1	F7R221
1	A0A0R2C5F4
1	R6SR29
1	E7FSD9
1	T4W5L7
1	A0A099HXM0
1	T4VVE8
1	A0A0J0TWR3
1	A0A0M3DE51
1	A0A0A8WBN6
1	A0A0A1SA32
1	A0A0C7GAL4
1	A0A0U3HAU2
1	R5JCZ4
1	E1R7A1
1	A0A0R2K0F8
1	A0A0R1XHH1
1	W1V8T9
1	C0W3U0
1	A0A095Z0U2
1	B2VC83
1	V5Z795
1	R7RQG1
1	A0A0R3JY34
1	H6NEU2
1	I0BEL1
1	F8FL49
1	A0A0H5SJA2
1	K1VW50
1	D4ZY23
1	H1WJG0
1	B5VZF7
1	U2MMV2
1	A0A0S2KM85
1	A0A0B0IGE5
1	R6BLU9
1	D1PAP8
1	R6GC91
1	I8J9G9
1	E6JYT4
1	J0D5V9
1	W5IJW1
1	A0A161Q8C6
1	X0RSY1
1	A0A0M4H641
1	A0A098F009
1	A0A127CJ65
1	A0A0K8J437
1	K4R9U3
1	A0A017RXQ7
1	V8CPG9
1	L9PVE8
1	F9DK67
1	F9DE10
1	J0SWH9
1	A7BDR3
1	E6KQN1
1	Z4X6L3
1	J2YQ50
1	S2ZR21
1	A0A0K1N7M8
1	A0A0V8RSU2
1	J3J7T2
1	U1QWM9
1	D4TXS9
1	C7R4J4
1	A0A024F9U9
1	A0A0K1F3G8
1	C0DS84
1	V7IHZ6
1	R2VCD3
1	A0A077ZBR6
1	R2PDP2
1	R2P7C5
1	S0L274
1	A0A0Q3W9K8
1	A0A0M9X0U1
1	W1SEV6
1	A0A0A0IHH4
1	K9PWB0
1	A0A0R2AZA9
1	G8LVE3
1	B1C050
1	K6WJG3
1	Q1QPU5
1	K1LUP6
1	V6IU96
1	A0A0T1SQH6
1	A0A0L8J5F6
1	A0A0M7QSN4
1	A0A0F2TLW2
1	A0A094WIS2
1	D3I1W4
1	E6KAQ5
1	A6FD75
1	A0A137SA79
1	A0A090IH61
1	A0A0F5DDX7
1	H2GV37
1	A0A0D6FEY3
1	E6LFL1
1	I3DJA2
1	A0A0P8BIE2
1	A0A0H3SP04
1	A0A0M1RJD0
1	V1QU92
1	R0EU36
1	A0A0V9J8Q7
1	V1MM63
1	A0A0T7RZV9
1	A0A0H3BSC0
1	A0A0G2NS12
1	T2PZ85
1	Q8ZLW2
1	V1WYP4
1	A0A0V2EBH7
1	S4KXW5
1	A0A0W5VZE0
1	S4K536
1	A0A0F6TWQ7
1	A0A0N1VUZ8
1	A0A0F5BFV4
1	S4I802
1	V2NPT8
1	A0A0H3NM53
1	V1S9H7
1	A0A0N1VN62
1	S5HZS7
1	A0A0V1Z079
1	X2KNH1
1	A0A0J6D8V1
1	V7IRN4
1	V7V105
1	A0A0L5QEL3
1	A0A0W4YTY4
1	V1H1Q7
1	T2QAU6
1	V2HHN8
1	A9MPR3
1	A0A143F4Q6
1	E8XC58
1	A0A0L5IM05
1	V1HLR0
1	A0A0V2CY49
1	A0A161GN96
1	A0A0M3E3P3
1	A0A0N1VX70
1	A0A0D6ICB4
1	A0A0Q9Z7Z5
1	A0A0F7JDF0
1	S4JUS0
1	V2K2W5
1	B5Q5E3
1	A0A0M0PZ90
1	A0A0N1QVL3
1	V5KJJ5
1	A0A064DGZ7
1	S5N0W3
1	Q8Z3K6
1	A0A0T9VYH4
1	Q57JL9
1	V8MEA1
1	V2D6V3
1	V1IAF2
1	M7RJJ9
1	H7ECI8
1	A0A083Z873
1	A0A090UKG0
1	G4C355
1	A0A0K0HEX9
1	A0A100PV63
1	B5F6P8
1	A0A0R9PUX0
1	A0A0F6B728
1	S4KFD1
1	A0A0T9XPI6
1	A0A0L9EUS3
1	A0A0H2WT94
1	B3YA17
1	A0A089GBU3
1	B5REJ7
1	A0A179VKK1
1	C0PZ14
1	A0A023N4F8
1	A0A174B7U1
1	A0A180EBB0
1	A0A174EB81
1	U5MPB3
1	C6PT70
1	R6CH48
1	B5CTI5
1	A0A174YZR1
1	A0A174XV03
1	V8BLK6
1	D4M4H7
1	A0A173V3G5
1	R6P446
1	X8GMY7
1	C4GDR0
1	W7UHT1
1	C6J9T7
1	A0A173X1P6
1	A0A174A692
1	A0A173Y532
1	D4LVK1
1	A0A174R3U7
1	A0A099IDM0
1	E4LQB1
1	N9WAF6
1	A0A174ZY98
1	R6UQU6
1	T4NCP4
1	E2SLD8
1	G1VW78
1	H1B9S7
1	C5S516
1	J4TQ50
1	C8KZZ4
1	B0G5G7
1	G1WM39
1	R6S1S2
1	D9VZR7
1	A0A133KET4
1	C2CHV5
1	F2R7P4
1	Q213B1
1	Q21AE2
1	R7AKR5
1	A0A0H3EB17
1	E4VAH2
1	A0A0E2ZEE1
1	E3EMF3
1	I3WIQ0
1	K2MHD9
1	K2IPF7
1	A0A087DH30
1	U2BZS4
1	A0A0H2PDQ8
1	U5F7B4
1	H1BMT0
1	W7VKM4
1	D9T5Y0
1	A0A149PLC6
1	A0A174W6W4
1	D4ETG2
1	C7VCT9
1	J6BAB1
1	E2YVD0
1	A0A0M1ZC54
1	J6QC04
1	C0X5J9
1	D4EQJ0
1	E6GXE7
1	A0A0M2ABC9
1	A0A0U1AE26
1	A0A111TCQ3
1	E0HF52
1	J6PP55
1	J6P6C9
1	U6S0B0
1	J6G5T4
1	A0A059N5V5
1	A0A0H1U013
1	C7D3E6
1	E2YMU2
1	S4CAZ4
1	J6QUP4
1	E6GHE3
1	J6RIW1
1	Q834N1
1	E2YCI4
1	A0A125W1H4
1	E6H0T8
1	A0A0M2AU67
1	J5G8G1
1	J6PKS6
1	J6EC65
1	R3JNL0
1	J6Q9E5
1	R3I681
1	J6CT03
1	J5BHW9
1	J6LUS5
1	X5NZ07
1	S4EYW7
1	C7X1S6
1	E6IFC2
1	A0A0M2CMX2
1	S4FKY0
1	J6NV36
1	J6F431
1	E6EZ78
1	A0A0L8QNH4
1	A0A0R2CMK8
1	U2ZXI3
1	A0A061PJD3
1	A0A0D1E3P9
1	A6B115
1	A0A0S3EKP8
1	A0A0T7EWL2
1	A0A0D8WU00
1	A0A0M0I1L5
1	A0A0G9M857
1	A0A0M9C9V9
1	S5J0E6
1	H2IHJ5
1	A0A034TSY6
1	A0A0H0YJP0
1	A0A0D1DGF5
1	Z2EGF8
1	A0A0D1E4B7
1	Q87R04
1	A0A034TDT7
1	A7K273
1	A0A0F6LR42
1	A0A0L7YXY5
1	A0A0M0HNH6
1	D0X115
1	B8KCB1
1	A0A0A5HW83
1	D0HIB5
1	A0A086WLK7
1	A0A0F4PCU0
1	A0A0F4NNU2
1	A0A151L0D7
1	M5NGM4
1	A0A097QLB4
1	A0A087I852
1	A0A0H0Y2L8
1	A0A0A5I8A0
1	Q7MJ21
1	A0A0A6QVK5
1	U0EVL3
1	A0A0T7E0E9
1	F9RMK5
1	A3UY77
1	F9SAN6
1	A0A0T7DFA8
1	B7VM11
1	F9RFC1
1	A0A0T7D779
1	A0A0P6Z9N5
1	A0A120DH41
1	A5L1G3
1	F9RY87
1	A0A0T7EIA1
1	A0A0L1LDT7
1	A0A066V1J0
1	U5A960
1	A0A165VZK4
1	A0A0P6YKS4
1	W0EA48
1	R6RB28
1	A0A0U1KR90
1	A0A0A1MKQ1
1	A0A0R0ME92
1	A0A0H6X001
1	A0A0H8SFC2
1	A0A0H5SXJ8
1	A0A0X1KXS8
1	A0A067BIP8
1	C2HSV7
1	D2YHC8
1	A0A085PGT1
1	A0A0H5WA19
1	D0IKL4
1	A0A0H6Q6I5
1	A0A085TPB8
1	A0A0H3Q303
1	A0A0K9UZL1
1	A0A0E4C6P2
1	Q9KQY1
1	A0A0H3AFT9
1	D2YNY6
1	A0A109X9D1
1	A0A0H5WIS1
1	D7H9T1
1	A0A099MJM9
1	A0A086SPX4
1	A0A0H5Z1R6
1	C3LNG9
1	A0A177XYV3
1	A0A178JF40
1	A0A0M0IRL8
1	E8M2B5
1	A0A0D0HJZ9
1	A0A0H2MUZ4
1	C9QIF1
1	Q2JPN9
1	A0A010ZUT7
1	U4SKU4
1	U4S2Q3
1	U4S498
1	B8F3E9
1	A0A0E1RPC3
1	U4S0Y3
1	A0A143CET2
1	A0A084EVX1
1	D3LWI4
1	U9VLT2
1	R5PA42
1	A0A0Q7MJH9
1	R5KLJ5
1	R6L0I8
1	R5P0G1
1	A7VF32
1	A8SYA7
1	R5JY58
1	A0A173Z395
1	G5IML1
1	Q2JQS8
1	A0A069RJY7
1	U3B008
1	V5HPT4
1	A0A0A2VE03
1	L8JBL9
1	C3WFR1
1	A0A084J7D0
1	A0A0N0SEP2
1	A0A022KWG6
1	R6Q9K0
1	J9H7W4
1	A0A0G3H7K8
1	A0A0Q7EIN1
1	A0A061Q1L9
1	E8LSH5
1	A0A090PWS3
1	A0A084T5P2
1	A8T5Y4
1	A0A170N412
1	A0A0C1Z1J9
1	A0A0B4IPP6
1	K5UDJ2
1	M7QP83
1	A0A0C1VM58
1	A0A0A3ESX9
1	D0X9G3
1	A7N1N1
1	A6D5M0
1	U3C8Y2
1	L8XFI0
1	K5U0H1
1	R6D7U8
1	A0A0M2U7R3
1	R5QAY2
1	G5FC56
1	E7GRA7
1	A0A174DYF6
1	U2C9S7
1	E6U048
1	A0A087CDM9
1	A0A140L3K1
1	S6F8V3
1	A0A0A2ZB41
1	U1H2S0
1	A0A0A2XY14
1	A0A0A3A0G9
1	F4HDW7
1	A0A0A2YRP8
1	A0A0A2YWN6
1	A0A0A2Z3R3
1	A0A0A2YMD5
1	A0A117MN71
1	R5DI08
1	R6WXD8
1	A0A174HTK5
1	A7AIJ9
1	K5ZDV9
1	K5Z279
1	B0CB05
1	A0A174HHD9
1	A0A0L0GWG9
1	A0A085ABC1
1	A0A0R1K3D5
1	A0A0R1F9G9
1	J3EQZ6
1	R6B6M0
1	F9XYM1
1	A0A0L7D4L5
1	A0A133L2D5
1	A0A0A0UFC2
1	A0A083XW30
1	A0A0A1GN93
1	D6ZTP0
1	D6D934
1	A0A0S2MCF0
1	A0A083XL46
1	A0A0L0LU16
1	I3B3C3
1	I3BJJ7
1	W6EZL9
1	C2GTT6
1	V6XVT1
1	A0A0A6Y581
1	A0A087BFT9
1	A0A087DGF7
1	E8MSU5
1	R5MWM7
1	D4BNW1
1	E8MHT3
1	A0A0M4LIL5
1	Q8G5Q3
1	A0A0L7B5I0
1	A0A0L7BXB8
1	A0A087D6S4
1	S2ZJY1
1	C5EAE8
1	A0A087A274
1	B3DSM0
1	E5XXK7
1	A0A0L7C7P1
1	B7GSW1
1	A0A087CVB9
1	F8AR17
1	A0A0M0VMB2
1	T2I2T3
1	A0A083X0G1
1	A0A0M2KDE1
1	U5MS33
1	I0HLI6
1	I0HQ03
1	R6MEG1
1	A0A126SVJ1
1	C4FEK5
1	A0A087BID5
1	Q97KD9
1	A0A150Y5Z5
1	W6RX12
1	R5VQJ9
1	A0A0G3W8J1
1	A0A0F5YI71
1	A0A0B8QHE4
1	A0A0B8Q0C7
1	A0A0R2AEZ9
1	A0A175KVV7
1	A7GIF6
1	A5I6U5
1	A0A0D1BPL0
1	A0A0A2HIN1
1	A0A175MIR3
1	B1L1C1
1	B1INC1
1	A0A073CP96
1	A0A175MIJ0
1	A0A0S6U5Q0
1	S8CJP2
1	A0A0T6FC23
1	A0A0N1SZN7
1	A0A0B4WBZ7
1	A0A175LQY3
1	A0A175L458
1	J7SHD1
1	A0A0E1KVU0
1	A0A175KUN6
1	A0A175LMV1
1	A0A0E1QKE1
1	A0A175LPW4
1	C1FL90
1	W9E7D4
1	B2C7U9
1	L0IHV9
1	I3VT07
1	F6BLE9
1	A0A109W2Y0
1	K4LT04
1	A0A101FHD2
1	A0A179EP68
1	M1LPT1
1	M1MNI3
1	A0A0M0ACB3
1	A0A0M1LSR6
1	B2TNF5
1	C5URC3
1	A0A087BLY5
1	H7EMS4
1	Q67T93
1	W4V8D5
1	D4S5Y7
1	G5GZI5
1	A0A143Y9D4
1	A0A0C1NH32
1	F9D5T4
1	R7KHP7
1	A0A134BJE8
1	M5P8K4
1	R8VR33
1	A0A120F9E2
1	R5MJE9
1	A0A136WG47
1	R7G193
1	A0A0E4C8M9
1	M5U9T8
1	F3A5C8
1	A0A133ZWI9
1	E5V2G3
1	A0A087CWY9
1	A0A087AQU9
1	A0A087CN62
1	L1M8U3
1	A0A037ZAM3
1	F5LM48
1	R2T5Y7
1	A0A0U2NSM8
1	A0A0S3K8S0
1	R2STJ9
1	R3WRB6
1	R7AWI9
1	U2QTN3
1	A0A0K3BVA9
1	G8QQ85
1	C9P3U0
1	A0A0H3IXK6
1	Q46266
1	U2K831
1	A0A096ASZ7
1	E1KT12
1	S2WJ68
1	L0KAZ3
1	A0A133PVQ1
1	A0A0D5NJF2
1	A0A0C1EZH7
1	A0A101K938
1	U1C0D5
1	Q7NY63
1	A0A0D8ZBR2
1	X4R8F3
1	A0A0M4JY45
1	A0A0A8FLK3
1	J8V3K7
1	Q7P4V3
1	H1HI03
1	Q8RGM9
1	C7XQ81
1	X8I229
1	X8H7Z1
1	D6LFD8
1	X7RV10
1	A5TT81
1	U7TBY6
1	G6C5U9
1	D5RDZ7
1	U7TQ95
1	A0A0S2ZPX2
1	A0A0S2ZRR5
1	F7L1N4
1	A0A140NSM4
1	R5WY40
1	R9REG0
1	X8I1G8
1	A0A0M5MAH2
1	W3YMQ6
1	U7T5G4
1	D6BDJ3
1	F9EK44
1	A0A0M1VVI0
1	A0A0M4RQB2
1	A0A0S2ZD31
1	K1GV76
1	D4CWI1
1	A0A095WLE4
1	A8SIV8
1	F9PPD1
1	A0A0B4S0B5
1	F5TE41
1	A0A0E9E191
1	A0A134ADB7
1	R6Q255
1	R6XBL4
1	R6B0W6
1	C2CLI6
1	A0A139RRT6
1	A0A0K2WUP8
1	A0A0M2XGE0
1	A0A127NVI1
1	U2PCP2
1	U2PY27
1	C7NCD2
1	U2V7T7
1	C9N1K5
1	A0A134AEI8
1	V5F7T2
1	A0A0D8MYC1
1	A0A0D8LN10
1	A0A0M9F7P1
1	A0A0D8R8D2
1	Q1ZVU9
1	F2PEI2
1	A0A0D8MPX3
1	A0A0K8JEG8
1	G4HEV4
1	A0A0J6CPE4
1	A0A0F5JFF8
1	S0GR16
1	A0A0F5IQN3
1	A0A0F5JKQ6
1	K6A8I6
1	Q189V5
1	G6BH20
1	A0A125V3B0
1	D5RWI3
1	A0A160Y6Q7
1	A0A031WDN5
1	D5Q0Z1
1	U3VGD7
1	C9YJD7
1	A0A0H3MZU5
1	U3X462
1	U3V6F0
1	A0A0N0NZW2
1	T3DJ21
1	A0A0N1P6U2
1	T4I6P2
1	G6B769
1	A0A0N0P1J9
1	U3Y6N6
1	U3UKK6
1	E0QTN1
1	D0YRM4
1	E1MF43
1	A0A099BY37
1	A0A134BVL4
1	A0A0A0IPS8
1	A0Q1M2
1	A0A072X498
1	R7KP87
1	R6T7G5
1	A0A0G3GXB3
1	W8T837
1	A0A0L7PMN4
1	A0A0G3HDW4
1	A6P1B7
1	H1Q080
1	A0A0B7I7V9
1	J0N6Y4
1	S4CWM3
1	A0A0M2Z0I4
1	B8D1B0
1	A0A0J6XYA3
1	A0A0L0QSK6
1	C6R7Z7
1	E2S625
1	U7LET9
1	C0BY64
1	K6VLT2
1	A0A0X8JUS5
1	A0A069T2V7
1	S3XZR7
1	A0A0M9CJJ3
1	D7BMN4
1	D3MSU6
1	R5J1P6
1	A0A135YXS0
1	F3ZVT9
1	U1MVP4
1	A0A099DDJ2
1	A0A069EZD2
1	S3FIL5
1	C4L2Z8
1	A0A0J1GJR9
1	A0A090QMW2
1	A0A0J1GZM8
1	A0A090KPR6
1	A0A0D0FY98
1	A0A0D0ERS1
1	A0A091CCQ0
1	A0A091C2A9
1	M9WZ61
1	A0A0B5BY60
1	S9Y6F5
1	A0A0D6UFP3
1	W0Q7Z1
1	W0Q690
1	E2PBB6
1	A0A162IZ15
1	J6GNV6
1	A0A064AGQ7
1	A0A0E2VK19
1	A0A0B4ENX6
1	A0A017H5M2
1	A0A0M8XWL4
1	A0A133NGZ7
1	S4GLI7
1	I4LII3
1	I4M1A2
1	F6A2V4
1	S4H1R2
1	A0A133NT74
1	I4LKU2
1	A0A133P0T7
1	S4GG47
1	S4GYB1
1	I4MAB0
1	D6SXK9
1	I4LR46
1	S4HEM9
1	I4MCX1
1	A0A0J8FE10
1	T2PL53
1	I4LE17
1	S4GRM9
1	I4LVH3
1	D2RBB7
1	D6SZK6
1	I4M2Z8
1	S4GXN7
1	S4GRZ8
1	I4M826
1	I4LT64
1	S4HSZ9
1	S4HQ26
1	S4GVK0
1	I4LH77
1	A0A135Z8N1
1	F5LWL9
1	E3D9H1
1	U6S896
1	A0A0M2JG45
1	S2YBG7
1	A0A0M2XKN2
1	U7D5X6
1	A0A0T1Q5B9
1	A0A095XX51
1	L1PFY0
1	A0A0C1UJD6
1	A0A0A5G1S1
1	A0A177HSS1
1	F7V8H6
1	E2NWL2
1	A0A174J7W3
1	A0A174PIJ5
1	R7GLI1
1	R6H243
1	S2P5R5
1	C2FFN4
1	K6Q1A6
1	S2Q8D5
1	C5F5K7
1	S2S2V5
1	A0A0E2LYV5
1	A0A0R1EWH8
1	A0A180E5H3
1	S2NWU4
1	K0N8I5
1	K8QD01
1	S2R4U8
1	S2PI42
1	A0A0E2BQW8
1	K6RBS0
1	A0A180CRY4
1	S4ZNS4
1	S2PKM0
1	K6RFK5
1	A0A0K1MTU6
1	A0A0E3CPS3
1	A0A179WBF3
1	A0A0H0YQH2
1	A0A180DYX4
1	A0A0C9QWR9
1	A0A0K1KZL1
1	S2TVT0
1	C2JX40
1	A0A0R2E2I0
1	A0A180CPD5
1	Q039D4
1	S6C7U6
1	A0A0C9QAN7
1	A0A125U8D6
1	K6SLB2
1	A0A0E1PMN0
1	A0A180D999
1	S2SK97
1	C7TCH3
1	A0A0R1FG58
1	A0A179YE10
1	S2LHP1
1	K6QQN3
1	W7CAR5
1	W7DBG4
1	A0A0J8GKZ3
1	W7BJI3
1	A0A099W750
1	W7BS13
1	A0A099WM61
1	W7DV89
1	B1RJU0
1	A0A133MUB8
1	H7CVH5
1	A0A127EI55
1	B1BFS3
1	Q8XL89
1	A0A0Q1HX15
1	B1BWR2
1	A0A0H2YS31
1	A0A174B2K1
1	Q0STR6
1	B1RBJ6
1	A0A168P617
1	A0A168A5W7
1	A0A168BSS3
1	H9ULQ9
1	A0A101XVW9
1	A0A089I980
1	W4BLE4
1	A0A0W1B040
1	W4CN74
1	A0A089JNK9
1	A0A089L3X8
1	A0A089K0G4
1	A0A089KDQ1
1	A0A089LUX7
1	A0A0B2FBD6
1	W4CTE2
1	A0A089JWS6
1	A0A089MTM9
1	L0MF45
1	A0A177IHF6
1	A0A0X8SFH6
1	A0A0G8BD05
1	A0A0N2A4W0
1	S0ADQ0
1	A0A086GGP0
1	A0A0F7HEP5
1	A0A177GJC1
1	A0A0X2NX78
1	A0A0M2W6M8
1	A0A170PWV1
1	A0A0D4ZYL2
1	A0A0G9NBN2
1	A0A087L6A2
1	A8GCG6
1	A0A084YS55
1	A0A0S6V9B7
1	A0A0P8F800
1	A0A080V3M7
1	A0A0P0QD58
1	D4E8D8
1	I3AI19
1	A0A0M4IYL5
1	S4YGG9
1	U2NKW1
1	A0A126VLK9
1	A0A0F4QQA5
1	A0A162KUY8
1	R2QJ16
1	A0A0R2A8C0
1	A0A0R2BAB3
1	N1ZMM0
1	A0A062XEL6
1	A0A0R1UCE5
1	U2VFQ6
1	U1Y6Q0
1	R9KQ09
1	D5ESF4
1	A0A069DBW5
1	A0A0P7Z549
1	A0A0M3TBC4
1	M3AU22
1	A0A101UGN4
1	A0A0A0C9B1
1	A0A0T2QF06
1	A0A074LAL5
1	A0A150YYY3
1	H6CK02
1	A0A0F6ENM2
1	E0RE18
1	A0A0K2FAL2
1	A0A0D7WYV1
1	A0A161RUX4
1	E3E506
1	V5WYN4
1	G7VV66
1	E3H745
1	H3NLJ9
1	A0A101SHT9
1	A0A101PM14
1	A0A0Q6YKD1
1	A0A0R2E594
1	A0A0R2FY44
1	J0L5E2
1	A0A0R1MG38
1	A0A0N1SJF1
1	A0A0K0VR53
1	V6VBJ3
1	D9QE26
1	A0A0M5KQ89
1	A0A0E3N116
1	A0A0R1JPW5
1	H2K6M1
1	S2Y5F6
1	F3ANW5
1	E9RXS7
1	S2ZDB2
1	D1BT72
1	A0A011SFC1
1	S0FHQ8
1	B0NCC7
1	F7KR07
1	K4L4U4
1	W0EEZ6
1	T0JC71
1	R9MWK3
1	M5RBQ3
1	A0A0K6GM11
1	M5JA56
1	A0A0D0QBP6
1	A0A0D0HQ72
1	R4G6L1
1	B7GMP4
1	A0A178TDI9
1	M8D5M4
1	A0A0B0HJ79
1	A0A0A2SKK9
1	I0XBB9
1	A0A0R1VQ29
1	A0A0R1QAD0
1	R5SSU7
1	A0A077HKD8
1	A0A168H2I7
1	F0YU29
1	A0A174HXK8
1	I9LFB3
1	I9DBM6
1	B7AWZ0
1	R7HDA2
1	R7B0S2
1	A0A137SUC7
1	U1R9K6
1	A0A089HTJ8
1	A0A0F7FBG4
1	X4ZLY9
1	A0A097B551
1	Q92BV0
1	A0A0H3GG91
1	A0A0B8RI88
1	A0A0F5YZL1
1	A0AIK8
1	E3ZQE3
1	A0A171NID5
1	H1GDH4
1	A0A0D4C8K5
1	Q8Y786
1	A0A0E0UVM7
1	A0A171LZN3
1	G2Z8E5
1	A0A171M863
1	A0A171MYL3
1	A0A0E1RCQ5
1	A0A0E1Y5E0
1	A0A171MGS3
1	A0A171N719
1	A0A171MQL4
1	E3YQ48
1	D3R200
1	A0A124I4C1
1	A0A0Q0GFK8
1	E0N5N7
1	E6M0P4
1	D6ZIS0
1	E6M1U9
1	A0A177PNZ8
1	A0A174U615
1	E3HCG6
1	A0A0R1SNH0
1	A0A0R1LNW6
1	R9GAP1
1	Q38X05
1	A0A0R1X6G6
1	A0A0B2XK14
1	G6CH73
1	A0A0R1JWU8
1	A0A094YXE8
1	A0A174H9H1
1	A0A173UYJ7
1	A0A0M6WBS0
1	A0A173STF2
1	D6E1S4
1	R6NXN7
1	C4ZBX0
1	D4JL47
1	R6TE27
1	A0A0E9G7G5
1	A0A173UHU4
1	R5VEN5
1	A0A0M6WIE1
1	D9PRR9
1	A0A133MZ04
1	B0S3H3
1	A0A010PTS3
1	E1KY18
1	F9MXY5
1	D6S915
1	A0A174UCR8
1	R5ZD68
1	A0A174HMD8
1	L1QB55
1	D4N0T7
1	A0A173USZ1
1	E5VPI2
1	B0P129
1	A0A173UIV7
1	B5FF19
1	Q5E4G1
1	A0A090IMT2
1	B6EH58
1	G9QYE3
1	B0N086
1	R5R413
1	H1ALL7
1	A0A128ETT6
1	R1GPP7
1	A0A0F5ZTV2
1	A0A135I394
1	A0A128FC96
1	A0A0F2IRP1
1	A0A0A2TBY1
1	R7M150
1	R7MD66
1	R5DJB4
1	A0A0D9NBU6
1	A0A0T7ANM1
1	A0A0H5B4V0
1	I1YR84
1	A0A0A6PW97
1	W1U1Y6
1	A0A0F4VU15
1	N9YX07
1	A0A0Q0YQS6
1	A0A0F4WQL9
1	A0A0F4W9T9
1	C4ICB7
1	F7K1N8
1	A7B374
1	A0A174DB90
1	R5TZ68
1	V8C2X5
1	A0A076NP95
1	W9H1J2
1	A0A139T8W1
1	A0A0M8UE50
1	D2MMP6
1	A0A0C2KF28
1	F7YPU3
1	B0NBA4
1	F7KUE7
1	A0A134DF33
1	A0A011SJ33
1	A0A150HF03
1	A0A0B4CVK2
1	S3ABU9
1	H8E235
1	A0A178KMN4
1	A0A0B9GDG8
1	A0A0C5WRX3
1	L1L6Y2
1	F7JNS6
1	A0A174B5C3
1	R6F4U2
1	R5QHT8
1	F3AT86
1	E5XI55
1	A5KMS9
1	R5IJR4
1	H3SD69
1	M9LJS7
1	A0A0R1NB31
1	A0A0R1XEB6
1	U4TZ64
1	A0A0M8U8K3
1	A0A0M8UEV3
1	A0A0F4ICY9
1	A0A173UIL2
1	C0F0B8
1	A0A174A379
1	R5G8W8
1	A8RDH4
1	R7G6A2
1	R5YXP6
1	R5L9H9
1	B9E0N4
1	A5N768
1	A0A174YXL8
1	R6KU39
1	A0A0N0TNH9
1	A0A150LDR9
1	D6XUK9
1	A0A143PKD2
1	A0A0W8JHV2
1	C9LUW1
1	J5XJW7
1	B0NXC5
1	R5Z401
1	A0A173XM40
1	E5VGJ3
1	D4MZE1
1	L1PVD0
1	A0A173ZBK6
1	C8WAE7
1	Z4X6T0
1	Z4WTL8
1	A0A0C3DJE3
1	A0A0X8LMR2
1	A0A0Q2N104
1	S7JM59
1	C4FBT5
1	R6ZV05
1	A0A0J8VAS0
1	R7IBR1
1	R7BB07
1	R6QGW3
1	W6S476
1	A0A0M5JMN4
1	R2NUX7
1	S0SHN3
1	R2NJ21
1	R2V6T3
1	A0A0J1H0I2
1	A0A174GLY4
1	A0A174KK02
1	A0A174RUU0
1	R7JSS3
1	A0A0A0BBL5
1	B4WRR6
1	D4S0S1
1	R5LEV5
1	A0A0L0JSL6
1	A0A124C011
1	A0A0M8V3N8
1	A0A0A0BVY1
1	A0A173V5T2
1	R5TZ71
1	U2NX95
1	A0A087C139
1	D4IZ81
1	E7NRR5
1	A0A0B7GRX8
1	R5FVT3
1	D7GQS9
1	A0A0F5EQZ4
1	S6FCV9
1	A0A0F5EYH8
1	A0A081NJL9
1	A0A072MVU5
1	A0A087D4F1
1	D2QB01
1	A0A0B5BPZ8
1	W4NAP1
1	W2VFG1
1	A0A139B4W5
1	A0A0A7I459
1	E0Q5S6
1	A0A173WQD4
1	A0A076JN26
1	A0A174A5I1
1	A7A833
1	C0BU25
1	A1A240
1	A0A087DQF9
1	B6XU34
1	U2RRK0
1	K9XN02
1	A7VWF1
1	R6N045
1	A0A076JDD6
1	A0A0F4M3H5
1	A0A087VTZ3
1	A0A0F4KYS2
1	K4J0L0
1	A0A0F4L2K6
1	R7BMA1
1	D4LB44
1	R7A6Y8
1	A0A0T9M220
1	A0A0T9R0I4
1	A0A157YWU1
1	A0A0H3FXN9
1	A0A0M3H073
1	A0A0S3JFP6
1	E3G1Q6
1	B6ZN53
1	A0A170BW36
1	A0A169KTH1
1	A0A060V2U0
1	A0A169TGP7
1	R5WRE4
1	J2DKJ5
1	A0A0C7K8V0
1	A0A168KSY3
1	A0A0W8AGC8
1	A6TAU7
1	B5XVZ9
1	W1EMC8
1	C8T391
1	A0A170A654
1	A0A0B7G3G9
1	V3KLC4
1	W8YJE3
1	A0A181V851
1	A0A0I9R8M7
1	A0A170JUQ5
1	R4YAK3
1	A0A170H4J3
1	A0A0J2FYK2
1	A0A181NAU8
1	A0A181YC13
1	A0A181VTX4
1	A0A179RW19
1	A0A181DUD0
1	A0A0I9P2Q7
1	A0A164NTP1
1	A0A0S3FL13
1	A0A169NFR3
1	A0A164SHH8
1	A0A0J5A1L2
1	A0A0E1CCF2
1	A0A0M1TGG4
1	A0A0I9RIE9
1	A0A164Y6X6
1	A0A164DT58
1	A0A168VLF7
1	A0A0C7KT68
1	W1B1A3
1	A0A164U475
1	A0A0V9HVF9
1	A0A164FI65
1	A0A168VMW9
1	A0A168RLI7
1	A0A0I9PTC3
1	W9BAB7
1	A0A060VKV3
1	A0A169ZDH7
1	V0AZY1
1	A0A169G8G0
1	A0A170EFM3
1	A0A169XLP9
1	A0A169KK83
1	A0A0M2R5A8
1	W8UY78
1	A0A164A558
1	A0A0A1B0I9
1	G9Z2A6
1	A0A143ZRH1
1	A0A085U3B1
1	G8PAC0
1	M5DZ77
1	A0A085G350
1	K9EGC0
1	E8QXD2
1	A0A034T4X6
1	A0A076LRN4
1	A0A0H3DR64
1	D0ZE11
1	A0A0E0YX37
1	F7NKS6
1	S6EQ42
1	A0A099SCP1
1	J1H192
1	A0A150FPA5
1	R9LU40
1	G9ZEY4
1	C8N9T8
1	K9QTJ3
1	A0A0L7CT44
1	A0A087ADM1
1	D3R5S3
1	A0A087C9J2
1	A0A087C2M0
1	A0A0L7BYT7
1	A0A0A7IBC3
1	B8DTC8
1	A0A0T7BNA4
1	A0A0K9EVL5
1	A0A0K9NFJ1
1	D1NRY1
1	F1T8K0
1	A0A0V8QE76
1	C8XCT6
1	A0A173ZI37
1	G2T1R6
1	A0A089UKH8
1	A0A089PVH0
1	A0A0D5WRW0
1	S3J0L4
1	J1G9U6
1	A0A0A2VZ23
1	L1QAT8
1	A0A173ZXG3
1	A0A174EG73
1	W6T4U8
1	A0A0R2NUT9
1	C7G8N9
1	R6BKK0
1	A0A173VTP5
1	D4KPG9
1	D4L347
1	M1ZFI5
1	H5V286
1	A0A0D1MSJ2
1	A0A0B3W4R5
1	A0A0T7DIS1
1	A0A0T7EUC3
1	A0A0T7CYN3
1	G7LZS5
1	A0A0M2S4D2
1	W7YFG8
1	A0A0X3R909
1	A0A0U4VWC1
1	D4YGI4
1	R2S6X9
1	E3DM53
1	A5EX31
1	D3LUD9
1	A0A134CEY5
1	F9MQF1
1	A0A086ZG26
1	A0A0U1QNC5
1	A0A0S2SCP7
1	N9TWL9
1	A0A0W7U736
1	A9ELH5
1	D4ZIU7
1	A0A098MB81
1	B4W4D2
1	A0A085HLW8
1	A0A0J8YJ02
1	W2C9B4
1	W2C1X0
1	W2CLL2
1	W2CN77
1	A6VKU0
1	Q65VK2
1	A0A0D7EHN8
1	G5GCR8
1	U1Q4U0
1	A4WET9
1	H1HMW2
1	A0A0R2L8B8
1	A0A022N9Q8
1	V5XNI0
1	R2MRS9
1	Q07LZ6
1	I4YSR6
1	L8LSV2
1	A0A0L6Z5I8
1	A0A0D0UTR0
1	A0A179QTB3
1	A0A0A2R9M4
1	M7C9E7
1	A0A0M0IWB9
1	J7U9P7
1	A0A0D8L8E5
1	A0A0L7DHX6
1	A0A180HWZ8
1	A0A151K7B2
1	A0A0X8Q602
1	A0A0F5Y595
1	A0A059IEC1
1	A0A0F5F747
1	E1SIC8
1	E0LYI7
1	A0A0I9WHV9
1	S1QX14
1	S1NU84
1	C9LDW5
1	A0A075TV76
1	A0A0A3AKE8
1	K8DZK6
1	W3AMY2
1	A0A071LUU2
1	A8FTZ6
1	E7RTP4
1	R7HGQ1
1	A0A086ZP81
1	M4RC52
1	A0A087E4L3
1	A0A087EFU2
1	A0A087DWK5
1	A0A0A0Z4M2
1	F5XM98
1	W0HZM2
1	Q2NUB2
1	A0A0R3M0D1
1	A0A0R3N7R0
1	C5BBS8
1	A0A076LDT1
1	A0A0H3DRU1
1	M0QBP6
1	D0Z9P1
1	A0A034SX44
1	D4F726
1	A0A0E0Z4Z0
1	R7FAS3
1	A0A060DZN2
1	A0A0P0EIX5
1	G8AZ52
1	A0A143DC78
1	A0A094JFG5
1	A0A0E3M8J2
1	A0A0E3M945
1	E3PV55
1	A0A0E9BW85
1	H3RBA0
1	A0A0H3KYK8
1	A0A0A6W7K4
1	A0A176UUX3
1	D4GNG3
1	A0A0N1RXF7
1	R7MAV4
1	R6RB59
1	B4EV98
1	A0A0G4Q0P2
1	A0A0V9H6F2
1	A0A094TLM0
1	C2LJL8
1	A0A0M4MN09
1	V6MMU0
1	C0B1J2
1	A0A0G4QCB5
1	R6N7S4
1	A0A0N0Z6V1
1	A0A0H2QAY7
1	A0A143X866
1	A0A0A3ZEK8
1	U6ZMZ5
1	E0SMY9
1	C6CK71
1	A0A089WLD6
1	A0A0B2TJP8
1	D2C1J2
1	I0QU39
1	A0A0Q4M954
1	A0A0B3VJV1
1	D7N7L2
1	R5LDZ3
1	A0A0Q4NXM8
1	H8NT14
1	A0A085GJE9
1	H2IRK0
1	A0A0H3F7D2
1	A0A0Q7U945
1	Q080J7
1	A0A106BZE6
1	G9YBP2
1	A0A0K0HSR2
1	A0A085GV27
1	E5YD26
1	A0A127N9J9
1	A0A0C5VHP9
1	A0A0M2NB67
1	A0A0B8ZXP4
1	A0A097R0X1
1	A0A176U6F7
1	B1KJX1
1	A0A0R2DE90
1	G4L8L1
1	A0A085GGS0
1	A0A0J1IGK2
1	R9C6G6
1	B7K8P6
1	A0A0D8PVQ8
1	A0A0H3T7N2
1	A0A0B7JCR2
1	A0A0M2NJX4
1	A0A0R1GS67
1	R4JY77
1	K8WCY3
1	K8WWQ7
1	A0A0M1JSS3
1	R6RET5
1	A0A0U5HGW3
1	U4R2Z3
1	H2JGR7
1	A0A090ZHI9
1	A0A0F5AUS6
1	R5RVU8
1	R6M6T3
1	A0A0Q1GK87
1	A0A154TZS2
1	I2NWF9
1	A0A0D9L8F9
1	G3Z2L5
1	A0A154U9D4
1	D3A4X6
1	F9EVG7
1	C0ENN5
1	C6M7C3
1	A0A0C1EDI7
1	D7MZ50
1	A0A154TP84
1	D2ZVZ8
1	E5UIE8
1	A0A154UAI5
1	C5TMX2
1	S1NI76
1	S1P1P3
1	A0A173TLM9
1	C0B8L0
1	A0A174E139
1	A0A0H3SUX8
1	A0A0D8PQA5
1	A0A0B7J8T8
1	A0A0D8LUC3
1	A0A0B7MK61
1	A0A178K4X6
1	B1YK07
1	R5VHS0
1	A0A086ZEJ1
1	R7NLG3
1	A0A0R2H9T4
1	L7WP73
1	Q8CTX6
1	A0A0H2IK87
1	C4WB33
1	A0A0U0E668
1	A0A0U5QHU2
1	W1W8E3
1	A0A0Y2A275
1	A0A0E1VJ52
1	Q5HKH9
1	U5ULF2
1	D4FLH2
1	A0A0E2N1N5
1	A0A178NUL3
1	A0A165TGD1
1	K9EY01
1	A0A0L0WDT1
1	F4H1G0
1	R7QXZ0
1	A0A069QM06
1	D3IG91
1	C9PZ35
1	W1JBK3
1	L1N1R7
1	R8AP23
1	R5XIZ4
1	I0JMF0
1	A0A0D8R7W9
1	A0A0D8LJ04
1	Q2C7D4
1	Q1ZRH5
1	A0A0D8NNJ4
1	R6IWY5
1	A0A066RQ18
1	A0A0B8NA06
1	U4KMD5
1	E1QYF7
1	X8HU08
1	I5AUB9
1	R6H1L9
1	R7EK38
1	A0A089LZU9
1	A0A0T0ME16
1	A0A0Q7MT25
1	A0A0R1S0D7
1	A0A0P7JHD2
1	Q8ED58
1	A4Y816
1	A0KVH0
1	Q0HWE6
1	B8EEJ4
1	F7RQ53
1	G0AV01
1	A9L602
1	A3D5Z7
1	A0A073KNC0
1	A0A165IMV4
1	V1DM18
1	E6XPU7
1	W2EIS8
1	E7G8E1
1	G7ZEG7
1	D3P508
1	A0A0F2KSZ1
1	D9SCV5
1	A0A0R2FHR1
1	R6XHY1
1	A0A0Q5J1I3
1	A0A168M1W3
1	R5CD82
1	A0A0F5VH96
1	A0A087B3S5
1	B0UTC2
1	Q0I410
1	R5SH12
1	A0A0D3V6G7
1	R6RR91
1	A0A0U2UYY0
1	A0A098M7J1
1	A0A0B6TTF5
1	F0YXY9
1	A0A174KY25
1	R7GEL3
1	A0A0B0I2W3
1	A0A0R1M0K9
1	A0A087EIB8
1	A0A133ZS95
1	D9SL39
1	A0A087EA59
1	D1PNS9
1	A0A084JKR1
1	D9R2W5
1	A0A0U5JCC3
1	A0A011A1B8
1	D5UEF8
1	U2K442
1	R7FCB7
1	Q47E92
1	R4LC53
1	A0A161XEE6
1	F5NSM7
1	J2G964
1	H1BWA1
1	V0XRL3
1	A9KP13
1	N6X2W8
1	R7LAG6
1	R6YQM5
1	A0A0X8FJX5
1	B9CK57
1	S2ZUL3
1	B9YDN3
1	A0A0F5KSU0
1	V8CC19
1	D0I7B6
1	A0A095YZ13
1	S2VS24
1	A0A0U5E8I1
1	F4XA96
1	S3ZUK5
1	C0VY68
1	A0A0D8IVV5
1	A0A0W7TPS8
1	G9RUK2
1	K6A4K3
1	A0A069SFG2
1	A0A174KYA3
1	A0A0J9DFN3
1	D7ILX6
1	D0TE03
1	A0A078T7U9
1	K6B7H9
1	A0A073I5K5
1	A0A173WBY1
1	A0A174U3U6
1	K6A8V6
1	C7X541
1	R6IBB6
1	E1YNP8
1	A6LHD0
1	A0A173T567
1	B5JLT9
1	A0A0E2LCX7
1	A0A023E4N5
1	T0PF89
1	A0A175VE91
1	A0A0T6V1X5
1	R1H563
1	A0A0W0ANN2
1	K1IG77
1	A0A165SZ95
1	A0A081LPH6
1	A0A081UQA7
1	K1JFF6
1	A0KJM1
1	K1ITA3
1	A0A0T6TCZ2
1	A0A0D0PZY9
1	A0A0A5NPA2
1	A0A0W0AQH0
1	A0A142E2F8
1	A4SNC9
1	A0A091A8I4
1	V9ZWY7
1	A0A023RKU4
1	A0A0J1IVS3
1	A4J0I6
1	A0A096LM54
1	A4E924
1	A0A173YA91
1	A0A174M5D9
1	A0A174BPT6
1	R5ZPX0
1	R7A2I4
1	A0A0A0WWN1
1	C8PQA9
1	S3LAL9
1	D5ELH3
1	H1LU59
1	W2V9D1
1	E6LPA7
1	J5GH85
1	A0A133ZDP0
1	I0RAW2
1	F3B0P7
1	K0XTR6
1	D3I9C9
1	U2QN86
1	C5NWS2
1	A0A0X8KMQ3
1	F3A2C0
1	A0A086EUT1
1	D0KBM4
1	C6C7T8
1	C6DF61
1	A0A0B2WEZ1
1	A0A0B2SZH1
1	A0A094RQU4
1	A0A093UFT6
1	A0A0B3Y453
1	A0A0B3WHF3
1	A0A0B3X4I2
1	A0A0J5XW34
1	A0A0M2F161
1	J8Q2P2
1	A0A093SV48
1	Q6D3Z7
1	J7KXC2
1	A0A0H3I5K7
1	R6QHY0
1	N9W2Y5
1	A0A174I780
1	R5U0D0
1	A0A174WRB8
1	D3AAH8
1	A0A168EHU4
1	V9G485
1	A0A0F7PYW4
1	F7QWJ8
1	V6DHX6
1	C2EJC6
1	E1JM89
1	H7G1H6
1	Q1WR18
1	F5VG58
1	A0A089QFK9
1	R5XIN1
1	K0ZG03
1	A0A0E9EJB4
1	A0A0E9DUP4
1	R5EDR5
1	R9J3U7
1	A0A0G3GPE4
1	A0A0R2MX78
1	A0A162T0A7
1	D2TZM9
1	A0A174D0D8
1	C0FTS7
1	A0A173S1Y9
1	A0A0M6X145
1	R5HZG2
1	A0A0B2JLA8
1	R5IQM0
1	R9JIM4
1	C0CSX4
1	A0A139DAJ2
1	C9LBE3
1	R6N4T6
1	F3ADG8
1	J1HIS2
1	U1QNV3
1	E8JL89
1	G8LV60
1	A0A143Y0A2
1	A0A0T1TD24
1	G5SQJ0
1	F3QQZ5
1	R5NAW1
1	F1T4Y4
1	A0A135PAX0
1	A0A0R2KE94
1	A0A0R2IRH5
1	A0A0R2HN26
1	K8E3Z8
1	R6F538
1	R7H6J1
1	G6AYB2
1	F4BRL4
1	R6G2H9
1	A0A0W1KHM9
1	A0A098BX50
1	R7KUL9
1	R0AV14
1	N9YQG5
1	A0A0U5JVK7
1	A0A174EEN6
1	R6JL86
1	R0A7L9
1	R0CSX3
1	A8RQ02
1	R7PPJ6
1	A0A0E2HG52
1	A0A0J5R2H9
1	A3QFK8
1	A0A0C3R420
1	Q2RQ00
1	E0I5G5
1	A0A0L6JK13
1	C6JLR0
1	V9HT52
1	H1PY77
1	U3TUZ2
1	J3HPF8
1	A0A147G1E0
1	J2LEK8
1	K9TPS1
1	C4LC30
1	I3BGX2
1	A0A0M3FV48
1	A0A0D0IKI4
1	E1X9A8
1	A0A0Y0E828
1	A4MX92
1	F2C316
1	E1W226
1	P43753
1	A0A0K9L8T3
1	A0A0M1GQI0
1	F9GV14
1	E7A7J5
1	F9GQ10
1	H1LQR3
1	F9GX00
1	A5UFY2
1	F9H2V8
1	A0A0E1WKJ5
1	A0A0Y7P2Q7
1	A4NZ02
1	A0A0E1SL50
1	Q4QP10
1	A0A0M3G1K4
1	A4N586
1	A0A0Y7IS22
1	F9Q9A3
1	I3DM28
1	A0A0M3G8W4
1	A0A0H3PG46
1	R7K2S6
1	R6WJ09
1	H2JBS5
1	F1TCA7
1	U4QWI9
1	B8I6R8
1	K9HLM4
1	B0TKC9
1	A8H359
1	M0QDX3
1	E4KLP5
1	A0A0C2VC81
1	A0A143Y6U5
1	A0A143YBN8
1	A0A143YL43
1	A0A143YM69
1	A0A0F4JR67
1	A0A080N274
1	V5M3M4
1	J8KPA2
1	J9BAR8
1	A0A0G8CFM9
1	C3DEV6
1	J8J8Y6
1	R8K630
1	A0A0M0MKP7
1	A0A164L0W1
1	A0A109GGQ6
1	R8KKG2
1	J8ACV6
1	R8QYF8
1	A0A0A7Q8M2
1	J3ZZ38
1	J8QQF8
1	C2PQW7
1	A0A150E2A9
1	J8FMJ1
1	C3EWN9
1	C3HVD2
1	A0A0A0X019
1	R8DIT9
1	A0A0Q9GTF3
1	A0A150EXL4
1	A0A0K0Q8A0
1	A0A160GV38
1	J7V9L2
1	J8LR37
1	A0A0G4D760
1	C2NCL4
1	B7IW01
1	R8NL17
1	B7H9Q2
1	C2XP18
1	C2VNM2
1	A0A0K6KWX4
1	A0A0E0VU38
1	Q63GD2
1	R8F1G1
1	Q81YX1
1	C2RYN3
1	A0A0S3BS05
1	C2U8Y1
1	C2X6T8
1	A0A0B5R053
1	A0A0F5RMW5
1	K0FQG5
1	A0A0F6FN25
1	B7HU44
1	R8I7E4
1	A0A0F6J3A9
1	A0A0K6MSQ5
1	A0A150CK05
1	R8CQC4
1	C2P9Z8
1	A0A160L5W3
1	J7ZND9
1	A0A0J7DHV0
1	J8WRG7
1	A0A135W3J4
1	R8L2M6
1	B9J2U0
1	R8IC81
1	A0A0J7EZQ5
1	A0A150B531
1	A0A0D0RAD7
1	R8H021
1	A0A0B5X4X5
1	R8CKH9
1	R8QSX9
1	A0A023P290
1	A0A164HHL7
1	A0A0K0S2J0
1	C2MVK1
1	A0A0D0RNJ8
1	J8J518
1	R8QZZ0
1	R8VPW9
1	A0A136CTP8
1	Q73DZ7
1	A0A0J1HMU3
1	D5TNI3
1	J8ETT0
1	A0A0F7RJJ3
1	C3DYM6
1	J8E9R0
1	A0A154B4I8
1	A0A0Q9GHR1
1	R8C159
1	C2WHJ1
1	A0A150DKI5
1	A0A0G8FA49
1	J8B2H9
1	A0A0N7JKK5
1	C2Q700
1	A0A0G8FET3
1	J8DEV8
1	R8PSJ3
1	J8AXI3
1	G9QEM4
1	A0A0J6MQE3
1	A0A0B5RWP4
1	M1Q3G7
1	A0A160H8C0
1	A0A0J7AQ42
1	A0A0W7XYA6
1	J9A414
1	J8GCL4
1	B3ZQB0
1	C2SF22
1	R8FHT8
1	J8FLC5
1	J8MYC6
1	J8QGJ1
1	J8K1B2
1	J7XHN7
1	A0A084IY79
1	J8N781
1	A0A0M9W451
1	B7JNE2
1	Q4MQK9
1	U5ZU86
1	A0A150BDM2
1	R8FZK1
1	N1LKH7
1	C2YLN6
1	A0A150EVG8
1	J8RW76
1	C3GW34
1	B5UIU0
1	A0A0J6L192
1	Q81IA3
1	J8HMG2
1	Q3EVT9
1	J7T1W9
1	A0A158RM01
1	C3FY05
1	A0R9E8
1	R8UCG8
1	A0A0D0I6R5
1	A0A0E8T996
1	A0A0D1PNW8
1	C3BXB2
1	C2W3R2
1	C2NTV0
1	R8XRC2
1	A0A0B5ZZZ9
1	J8XZM5
1	C2UQH2
1	R8SSH4
1	Q6HNU6
1	A0A0N8VI28
1	S3I8W1
1	A9VSQ6
1	A0A0D6S551
1	A0A063CE43
1	J8N2F2
1	D8GZX7
1	R8UGP6
1	R8GS81
1	J8I4G4
1	B3ZAU3
1	J8HFD5
1	J8KU48
1	C2QN02
1	R8GZN2
1	W4F191
1	A0A150C538
1	A0A0K6IZA0
1	A0A0T8VSE4
1	J8P179
1	R8NG19
1	C3GDV8
1	A0A090YY51
1	C2MFR5
1	C2R341
1	C2TBA9
1	C3HDE2
1	J8CY18
1	A0A076W800
1	A0A0T8HX88
1	A0A0U0GFG1
1	C2WYD0
1	A0A164DEB2
1	A0A0P8ZJJ7
1	J8S2J4
1	C2Z2S0
1	F0PXI2
1	R8E483
1	C2V6V8
1	W8XXL7
1	R8M9Y5
1	C2SVX0
1	W4F5G5
1	A0A142GAS9
1	C8NEH2
1	U1PY84
1	G9PDA1
1	A0A0N8IEA2
1	R5E0H3
1	D4L634
1	A0A083ZWF3
1	Q12LJ0
1	S0FVE0
1	V7I3D1
1	A0A117J3Y3
1	A0A0R1Q302
1	A0A0R2DWV0
1	A0A0R2D0H0
1	A0A0N0STH2
1	A0A140L0L2
1	G7LL34
1	B8CLQ8
1	A0A0X8H1X4
1	A1SZS9
1	A0A081KAJ5
1	A0A0F0F4S7
1	C5BMB9
1	A0A0G4K1J7
1	A0A0G3CL11
1	K9YU44
1	A0A0C1Y9Z8
1	A0A0C1W6Y5
1	E2ZKJ6
1	D4K9P4
1	D4K0K4
1	A0A174B7S1
1	A0A173V963
1	A8SA78
1	C7H993
1	A0A0D5LS34
1	D4TM85
1	R7NIX0
1	A0A0U3MV81
1	F8EW23
1	A0A0B5WVN2
1	A0A0C5C4X4
1	A0A133KQA3
1	G2TN44
1	F7Z604
1	A0A150JZM8
1	W1IVU9
1	A0A173YRD5
1	A0A120FKE0
1	A0A060DPB5
1	G8APD1
1	A0A0P0F3G2
1	T0PFD1
1	A0A160NYD1
1	E0UE50
1	A0A0N0SI81
1	K9YP54
1	U5SD34
1	A8U8G6
1	Q7N6E2
1	W3V264
1	T0NY06
1	U7R068
1	A0A0J9HQ54
1	A0A022PI18
1	A0A0N0CLA1
1	A0A0F7LMQ0
1	C7BQF0
1	A0A0A0CVP6
1	A0A081RYW6
1	R7GYE0
1	A0A089MCC1
1	A0A132THD1
1	A0A0E4HC07
1	A0A132TV09
1	R7D4H6
1	A0A0F4BDX5
1	T6ANS0
1	U9Y2S6
1	I2S610
1	B7LD95
1	S1IQL5
1	D2TS40
1	A0A0D7ESJ5
1	D8AQT4
1	A0A087FRA0
1	A0A181CYB1
1	A0A085P3Z5
1	A0A0L0AME0
1	A0A0E2U8A6
1	D7YLP9
1	G2S506
1	A0A0M2QRF0
1	A0A0E2L7Q4
1	A0A089GBK3
1	A0A0D7LQ53
1	A0A0J0WN82
1	G8LHN6
1	A0A0F6C1A1
1	V5AWP1
1	A0A0J0HSL8
1	B7LN66
1	A0A0H3BNW7
1	F4TCC7
1	A0A167F3H5
1	I2ULK1
1	V1XEB7
1	A0A142H1C7
1	F4VCS7
1	A0A0J1MA20
1	A0A0F6TTW5
1	B7NAQ2
1	A0A0F0YEE0
1	A0A156SJI7
1	A0A0F7J7S8
1	A0A0N2BTX6
1	W1AW64
1	V2TA61
1	A0A0K0H966
1	A0A0P8SSB2
1	K8BGX5
1	J7REU9
1	A0A0M7PD03
1	A0A162DAD9
1	A0A0F6SC63
1	A0A0H3PSQ0
1	S1J0S0
1	A0A025CHE4
1	F0JX76
1	A0A0N2BHL5
1	W9BFL7
1	E1IQQ5
1	A0A070U3C4
1	A0A0G3SCZ4
1	M7RQY3
1	A0A029PS47
1	V0ACL4
1	V1SLQ2
1	A0A143FBC7
1	A0A181XNV7
1	E1J2G5
1	Q57R28
1	W1FS73
1	E0IZD9
1	G4C0C7
1	H3KLB0
1	A0A0F6AZB9
1	W8ZFS4
1	A0A0W3CXQ2
1	V3LC80
1	B1LJW1
1	Q1RDV5
1	A0A0E1SVS9
1	F3V4A0
1	D7ZT22
1	A0A0M1RDC6
1	C0PXT9
1	V6FM24
1	D8EAG4
1	D6J8L7
1	A0A0G2NKY4
1	I2SZA6
1	A0A026RT61
1	V1H1A0
1	A0A090VUZ3
1	D8BXM0
1	H4L9X2
1	A0A0J4UNJ7
1	A0A0F0PJA5
1	A0A0H3GUZ7
1	S1PJ41
1	V2SN66
1	B7UMY9
1	M9IXE5
1	A0A0K2PEN0
1	M9GAX3
1	A0A0X6Z4L4
1	A0A0J6MQ22
1	A0A069X6P1
1	A0A0M1T6G7
1	A0A155V2J1
1	A0A0R9NED0
1	A0A177JHK4
1	A0A0G3JAS2
1	A0A125XL82
1	A0A0P8SJP3
1	E1HGF7
1	V1M1G7
1	A0A0P8APD7
1	V0Z281
1	D3H0D2
1	A0A156L5X8
1	A0A181X4L4
1	A0A070KNS4
1	A9QWP3
1	S0Z029
1	I2WCV9
1	A0A0X4EVP4
1	A0A0E2MA32
1	D8B0F2
1	H4HU78
1	A0A0F0RE71
1	A0A070SRU5
1	D8A7L0
1	L3KV84
1	A0A157QUL9
1	A0A090UDP2
1	A0A023V9E2
1	E3XV05
1	A0A144R316
1	K8DSM0
1	J7QDI8
1	T6HUL7
1	A0A0A1RV83
1	V6FZS7
1	N4PMB1
1	C8T0U5
1	D6I8H2
1	N4NDX9
1	I4SAJ0
1	V0AQP7
1	A0A155WTZ6
1	A0A127L2Q3
1	A0A117HYH1
1	Q0T8I8
1	A0A0F3XVA8
1	A0A0U0WG31
1	A0A0F6MB95
1	T9TDL2
1	P09373
1	A0A0D8WIC2
1	A0A0H3HBN7
1	N3NF90
1	A0A074I6D4
1	A0A0H3SQG0
1	A0A0I3Q7M3
1	T9B973
1	V5KGL1
1	S0WVP7
1	A0A0E0Y1R6
1	A0A0U1GLX4
1	D6HUV4
1	B1EPM7
1	A0A0A8U5E2
1	A0A0F5SKI8
1	A0A177BT47
1	A0A0F5BDD6
1	W1F755
1	F4VT43
1	K4V2K0
1	I6DCN6
1	E9YB63
1	M8KBQ0
1	I2RA29
1	I6FRI5
1	S5N6G6
1	D3QPA0
1	I0VPF0
1	R9VJP5
1	I6H791
1	A0A0F1JMK2
1	E2X3Q9
1	D2ZAJ8
1	W1DGT4
1	A0A0J2GF85
1	A0A0J0DET4
1	A0A0B5IJ22
1	E6BCR2
1	E3G1C5
1	T9D863
1	A0A0H3X677
1	A0A0K9TFD5
1	A0A0H2WPZ5
1	A0A0D8QD94
1	E1HXK6
1	V0XWE3
1	W8UMM8
1	U9YKA0
1	A0A0F6EAE2
1	A0A181TX88
1	I6D1D0
1	A0A0H0DAP9
1	A0A0E2K9T9
1	G9Z6A4
1	M9GB37
1	A0A028AK36
1	A0A0L4GWE3
1	F4SWA6
1	A0A0S3N6F8
1	A0A0H0CR22
1	A0A127GMD3
1	A0A080FA07
1	A0A169R4A1
1	R4YCC3
1	Q32E20
1	I2XEJ0
1	T8J7S3
1	V0SIF6
1	A0A0J1KCI0
1	W1DXB0
1	E2QJB4
1	A0A0W6QL07
1	A0A179VKV3
1	A0A0C2EJL2
1	A0A142UWZ1
1	E9XN52
1	A0A0A6GTF7
1	V5U1H4
1	A0A073VRD8
1	B3HDE5
1	M8PTL4
1	A0A017IFC6
1	A0A0P8JBG8
1	A0A0M7HAS9
1	A0A173LC88
1	A0A0N2BLH5
1	A0A0T5XPK6
1	A0A0H3FYG9
1	J2IMP7
1	W8XTW8
1	E7TG12
1	E8XCS9
1	H4K0N4
1	E7STN5
1	A0A073USI7
1	V3PIY1
1	A0A0U3YMH8
1	F8XBR1
1	S4KNP9
1	A0A0Q9Z8E0
1	I2WV90
1	V8MIX6
1	S0XW79
1	R8Z428
1	A0A083Z7Y6
1	W1BBE0
1	F3WG48
1	A0A0D1LG28
1	A0A0H3EF74
1	A0A0P8RZX8
1	I6BYI0
1	A0A0J4QXD3
1	A0A0F4AVR8
1	L2W2D6
1	L3P9Y8
1	E9TES3
1	A0A175PB95
1	K8BYA4
1	C3TGF2
1	A0A085I7Y3
1	A0A158MWU6
1	K8BA13
1	W1H4V0
1	V3DHX9
1	A0A0F0SVE2
1	A0A166SRU5
1	A0A167TU92
1	A0A0H3CKY5
1	A0A0J8VJ97
1	A0A038CUH0
1	S0U448
1	C8ULC6
1	A0A175XK46
1	C8U4I3
1	V1H4E7
1	A0A0H0C4A9
1	A0A0M3E181
1	A0A0J0I8T4
1	A0A0F1GWN5
1	A0A090U110
1	K0X1V3
1	A0A0K4U9D8
1	B5XY92
1	A0A169DU88
1	S1ERF3
1	T9HKD7
1	B6I8X5
1	A0A0J1VU70
1	A0A026UI94
1	A0A0F1Y1S5
1	W1WYN5
1	W6J032
1	A0A064TP38
1	B3YFW9
1	S1MDN7
1	W0BQU5
1	M2PTW6
1	L4JBE5
1	V1RES5
1	M9KHJ4
1	M8YE18
1	A0A0G3K770
1	A0A140RFA4
1	A0A175QZ05
1	I6HBQ5
1	A0A064E538
1	F5RTG6
1	M8LIQ2
1	I6EPI7
1	E9YSC3
1	A0A0J1LQ07
1	A0A074IMT5
1	A0A175S9N9
1	V1I1Z8
1	N4P6T2
1	W7PGL2
1	L3QNV4
1	A0A029LTT6
1	L5HL47
1	A0A0M1R2G9
1	V0AEV2
1	L9IHS8
1	A0A157TJ41
1	A0A0H3MHV5
1	A0A080G1Z7
1	A0A181D967
1	G9W2U7
1	V2DUH3
1	D4BBW3
1	U9XGR2
1	A0A163Y1S2
1	A0A154XQ97
1	A0A159ZHY2
1	H4IPB0
1	A0A073FYA8
1	A0A0F1BD59
1	V7IN22
1	T2PY77
1	N2H1S0
1	A0A062YE45
1	A0A0L0GRM7
1	A0A0V2F4G7
1	V0V448
1	A0A070DC81
1	Q8XGV7
1	A0A070V0A9
1	H4UGF1
1	A0A0D1CUC5
1	K4VWP7
1	A0A060UY38
1	A0A0H2YXQ6
1	A0A0H3NBG3
1	K8A640
1	T5V415
1	E7SPU5
1	N3KIR1
1	A0A168MY04
1	M9H2T8
1	A0A066P4A6
1	A0A0E0WZ25
1	L2XRG1
1	A6T6Z6
1	Q83LP6
1	A0A0V9E267
1	K8AXN8
1	B5F155
1	C8TM18
1	Q7CQU1
1	A0A0W2J5W0
1	B3X4S0
1	H7E9Z0
1	A0A0L3JGT5
1	A0A0E0V2H3
1	S0WCX0
1	L2V927
1	B2TUH8
1	H5UX37
1	A0A140QG07
1	A0A0E2TSU6
1	K3KP76
1	A0A064D026
1	A4W8S3
1	A0A0M2C4D3
1	A0A029KZ33
1	V2GJ73
1	A0A0F6F3G2
1	A0A0V9JRA5
1	A0A090NXV0
1	Q8XEB4
1	A0A073GHU4
1	L3BRL4
1	A0A0L5QDA8
1	A0A029I7E2
1	H4JJW9
1	A0A070D4W1
1	H3MJW5
1	D7ZFX5
1	S1G231
1	X2KG95
1	A0A080J991
1	A0A167L5G9
1	A0A073I0P8
1	A0A023YUR9
1	V1ASN3
1	A0A0J6DBD4
1	A0A0S3J9Y6
1	D7YAP0
1	F4SM17
1	A0A078LJ22
1	A0A161ZBN1
1	G5RT61
1	R5WHS7
1	V0T4S1
1	N2JX25
1	A0A029N0R0
1	F4V0D4
1	K8D0Y0
1	B5R8J0
1	Q31YU8
1	A0A0M0PKN4
1	A0A0M3EYU9
1	A0A0N1R0U9
1	A0A145UUG2
1	W1HTZ5
1	A0A0A0FAJ8
1	S4JQS3
1	S4JYL7
1	A9MHY0
1	A0A125X5Z2
1	A0A029IY32
1	D7XJA1
1	T5PJI7
1	H3N9P4
1	A8AIH9
1	S1DYB3
1	A0A0G3QAE6
1	V2NEU6
1	A0A140NBE7
1	A0A070F3H4
1	A0A0G3J6M2
1	A0A181YJ32
1	H4J5R5
1	A0A085AFZ8
1	A0A0V2E9B6
1	A0A027U717
1	A0A0K2P180
1	A0A0A7ZCI0
1	N2KA88
1	B7MHL2
1	A0A0N8MNU3
1	L0M6C5
1	A0A068HA06
1	E3PIS4
1	G5QU66
1	A0A0V1YIT1
1	A0A0E1CLE1
1	S5HS71
1	A0A085IG78
1	A0A023MYP4
1	A7MET2
1	G0F530
1	S4I2F6
1	H9UQG7
1	L4VXN3
1	A0A181XTH3
1	J4WV43
1	A0A0C7KK68
1	S1HEE7
1	A0A024KTP8
1	A0A073VGU2
1	D7XFZ6
1	A0A0J1KUC5
1	N3F7L6
1	S1CVG0
1	L3QAE4
1	A0A0D0MA60
1	A0A0P8T489
1	A0A028E710
1	A0A0D9H7B8
1	R0DG70
1	A0A167QWZ6
1	W0AP06
1	K8CUB5
1	V8KUX3
1	X7PN15
1	A0A0A1A6F5
1	B7MS18
1	W1HG20
1	C9Y061
1	M9EMT5
1	H4KEF3
1	F5MZY8
1	F4NP09
1	B5QAF1
1	H4I8W8
1	A0A069XQR8
1	T2QAQ5
1	A0A085H316
1	D8ELN1
1	S4KN09
1	A7ZJZ2
1	W1EN29
1	V2INW2
1	A0A0J1N920
1	K8ASW2
1	Q3Z3L9
1	E8Y3M3
1	A0A144SEV5
1	A0A0P8Q2L8
1	R8X041
1	A0A0E1LV91
1	N2QTM3
1	A0A063XYL9
1	A0A0V2DGA3
1	A0A162UGF1
1	T6MGF9
1	A0A0W2MQQ7
1	A0A0E0TVT5
1	F7K873
1	A0A174VXA1
1	U2BLR5
1	L8MVW7
1	K0Z862
1	A0A133JYW5
1	V2ZAA1
1	R7HRY4
1	C5EF95
1	A0A0J9C2D7
1	A0A0F0CIH7
1	G5HMK0
1	A0A081EBI6
1	A0A0R1VYA3
1	I0HDM9
1	R6CDK5
1	A4BFV6
1	F2JQP5
1	F2JRP3
1	A0A0A0I2A8
1	B1BDB3
1	A0A072XIH7
1	R6WAZ5
1	A0A0R1V0L2
1	G0M568
1	A0A0R1FMW9
1	A0A0R1QLR3
1	U2XHU9
1	A0A0G9GU79
1	R9X5S6
1	M4KLV4
1	F9UTJ5
1	D7V7K7
1	F6IUF4
1	I8R2T7
1	A0A0G9FEJ2
1	T5JT98
1	A0A0P7H3C8
1	A0A098R993
1	A0A0T9KWJ1
1	C4S8L2
1	A0A0U1HN34
1	A0A0T7NPA9
1	A0A0U1EPU4
1	A0A0T9P347
1	A0A085U9V0
1	A0A0T9UWS2
1	A0A0T9T438
1	A0A0U1QY49
1	C4SRF0
1	A0A0H3B650
1	A0A0T9TPN6
1	A1JMG9
1	A0A0T9SKH8
1	A0A0E8HWV3
1	Q8D044
1	W8UGL4
1	A0A0U1HZC8
1	F4N4L4
1	A0A0T9LU12
1	A0A0M1V5M1
1	A0A0H3NT47
1	A0A0T9N5S3
1	A0A0E1NVH0
1	A0A0T9UBB0
1	A0A0T9NSW8
1	A0A0B6FPU0
1	A0A0T9U498
1	C4TX09
1	Q0WH32
1	A0A0T9R607
1	A0A0T9KD80
1	A0A0E8XDV8
1	A0A0T9PAB8
1	A0A0H2YKN5
1	A0A0U1K8T3
1	A0A0T9NUQ9
1	Q66CJ5
1	A0A0T9JND4
1	A0A0H5LZW5
1	A0A0T9NNK3
1	A0A0T9ML53
1	A0A0T9UJL4
1	R6RAZ8
1	K9VNF7
1	A0A0Q9L7I1
1	A0A0Q7JAP2
1	A0A147KC58
1	E0MZP8
1	U7LI31
1	C0WJH0
1	U7KGE3
1	R7CAD7
1	U2TRB8
1	F3NK06
1	E1SPD5
1	A0A124HS67
1	A0A151D975
1	A0A0C1X9W9
1	R5KPR9
1	A0A0R1M8W5
1	R5DB08
1	T1Y619
1	A0A077U4P3
1	G5JIF7
1	A0A0E1XKE5
1	Q2YV53
1	A0A0E0VKW3
1	A0A133PT99
1	Q5HJF4
1	Q7A1W9
1	A0A0U1MWN1
1	A0A077VKJ3
1	W8TSM8
1	A0A181ENG1
1	Q6GK90
1	A0A0E1VNW9
1	Q99WZ7
1	A0A0H3K6G9
1	Q7A7X6
1	A0A0E1AEQ6
1	A0A0D1G5I0
1	A0A122EPB9
1	Q6GCQ0
1	Q2FK44
1	A0A0Y9ZQE3
1	Q2G1D8
1	A0A181G6K7
1	A3DCR3
1	A0A177S7V8
1	A0A0M0T2L6
1	A0A0V8GD82
1	A0A031IBM3
1	W4QUX5
1	A0A150LIE5
1	A0A178U2F3
1	A0A023CIX4
1	A0A150NCZ5
1	A0A0K9HWU7
1	A0A023DBP5
1	A0A150M3B1
1	A0A150MI08
1	A0A0Q1CPB0
1	C5D9V0
1	A0A0F6BSL3
1	A0A0M1QRZ8
1	A0A0R1R1H1
1	A0A0J6K7E6
1	A0A0J6R924
1	G5J521
1	T2IT99
1	T2JZ19
1	A0A0A8HQT9
1	A0A085UCD5
1	A0A069F9Y3
1	A0A0R2MKV0
1	A0A081XI14
1	K1LWJ5
1	A0A0D0QMF7
1	J6QBV9
1	S4FE95
1	A0A0M2AKE1
1	A0A160N8L5
1	C9B6A3
1	R2SMY5
1	Q3XXI2
1	R2NNJ2
1	A0A0V7Y968
1	L2P1S4
1	C9BSA2
1	L2LQI9
1	C9AP56
1	L2QH09
1	A0A0M1XDA7
1	D4REW5
1	J6KTC0
1	C9BCH8
1	J8ZHA0
1	U7U586
1	W1K8C6
1	A0A0M1Y2J6
1	U2P038
1	A0A179DXC5
1	S0RMS6
1	A0A0M2B4G0
1	T4JEX0
1	L2PGL7
1	A0A133MS62
1	D4QH33
1	A0A0M1ZS89
1	I6T9J1
1	A0A0M2A2J5
1	R2M756
1	A0A132P2N7
1	A0A076GPP4
1	L2LCD9
1	L2LYJ5
1	A0A0N0N442
1	D7NF10
1	U2MBV9
1	E6MRI1
1	D1QMN0
1	K9ARU5
1	A0A151B461
1	C0EA67
1	W7DKH1
1	A0A101N1G3
1	A0A165I693
1	L8Y0E0
1	A0A162U4K9
1	A0A0F3KQE7
1	E5BH29
1	A0A133NA57
1	Q0AY44
1	A0A0W1NRJ7
1	K8ZL96
1	A0A117PKN0
1	A0A117R1F1
1	R7FTQ7
1	A6BEK3
1	A0A173YJN9
1	A0A174UJL9
1	G6F283
1	A0A0V8SL53
1	A0A068E793
1	A0A0N6ZGU8
1	A0A0M9XA16
1	A0A077PRL4
1	D3UWX7
1	A0A0B6XD50
1	A0A077NK71
1	A0A077NHT4
1	A0A077QI48
1	A0A077P029
1	A0A077PAQ0
1	A0A077MW96
1	R6FPI1
1	C0C5S2
1	A0A0K9NAF1
1	X0PQ46
1	A0A0E3UUK7
1	A0A0M2NXI2
1	A0A178NPT5
1	A0A178NEA4
1	A0A0F5XBY1
1	A0A0M9UK86
1	B6G7U9
1	F8A493
1	R6Y484
1	A0A0J7HLI5
1	K6WWQ2
1	U2M5Q6
1	A0A0F3LRS3
1	E6WC84
1	A0A0U3BW21
1	A0A0A3Z443
1	A0A147G7D6
1	A0A0B1R3X2
1	B8I4R2
1	F2JRZ7
1	A0A0C1YNE4
1	K5VXB7
1	A0A0B4IT48
1	M7QW89
1	A0A0D0J7I1
1	D0X3U5
1	A6AVV8
1	A0A0A3FDU4
1	A0A0S3JV85
1	K5VDJ9
1	A7MVC4
1	A0A034TG72
1	D0XCL2
1	A0A061PQX9
1	L8X7B6
1	A0A0C1ZFA0
1	A0A0P7F8F3
1	A0A061PXR7
1	K5TLV5
1	U2EAP1
1	D1AUW1
1	C6WJY3
1	A0A0D8N0M7
1	A0A0J1GI27
1	D0YWT4
1	A0A0M9FCH8
1	A0A0J1HCC5
1	X0NLM0
1	F2PA21
1	K8GDB2
1	D8G7K5
1	D0Z4K7
1	E1L1Z9
1	R2PQJ7
1	A0A101TAL3
1	A0A135L7J8
1	W1Q2P8
1	K9Y9K4
1	K9WBS8
1	D3I8Q0
1	G6AH40
1	A0A096BS67
1	A0A095YXT5
1	A0A0K1NNH2
1	U2JDY1
1	I0T9T7
1	X6Q261
1	D9RWR4
1	G1VGC7
1	R7LPY3
1	A0A090I5Z9
1	B5ESR6
1	Q5E184
1	A0A0J1DQ70
1	A0A089PQ24
1	R1AWY5
1	N2BVA7
1	A0A0R2HW12
1	N9WKS2
1	A0A134A3S3
1	G5F487
1	E7MKP6
1	A0A0J8V982
1	A0A135ZS67
1	A0A0M0SH00
1	A0A087BCB6
1	F9RHU7
1	F9RW16
1	F9RZ26
1	A0A173Z7M6
1	R6T5Y9
1	W0U8E1
1	A0A163T0D6
1	A0A0Q9C072
1	R5BRI3
1	K9DJL8
1	A0A0M0GEX4
1	A5Z7S4
1	A0A0P8BW10
1	F9N5K4
1	A0A134C3W7
1	W4PZL0
1	G9RRE9
1	A0A0W7TQ71
1	A0A0D8IZ85
1	L8JCC7
1	I3E8I9
1	R3W821
1	S0J9S5
1	V5WHS1
1	F5IWH1
1	U4KSF6
1	A0A077J6B2
1	A0A0M2SUG8
1	A0A081P4W8
1	A0A0N8PTC9
1	A0A161U5K8
1	D1Y1E9
1	Q65IU5
1	A0A0W8JL95
1	A0A0D7XF34
1	T5HQN2
1	R9TUI8
1	K9Z4C1
1	A0A101HB83
1	A0A0F4W7Z9
1	A0A0F4VNU5
1	A0A0F4WVY5
1	W1UBI5
1	N9Z7J0
1	C4IHW2
1	A0A0M1IT32
1	F2NV23
1	W2EA98
1	V9WB37
1	G0V3P6
1	A0A162MAZ7
1	A0A172ZIR7
1	A0A0C2R3M9
1	E8LM74
1	M3E7A9
1	L7FEP3
1	A0A0J5Z9C5
1	W7KRV3
1	A0A0Q9Y475
1	A0A178A8M3
1	S5ZZY6
1	H5T4I6
1	F3YAN6
1	A0A0D6ACK3
1	R5XDI9
1	A0A0A8X7D1
1	A0A0D6ZC80
1	W4RSJ0
1	V6STY4
1	U7VA80
1	A0A0A3Z962
1	A0A014NIX1
1	D8MQC1
1	A0A0Q9N8E0
1	A0A0Q9TXA5
1	A0A0K1N2X6
1	X2JXX7
1	C9R667
1	U1QN96
1	H0KET7
1	A0A142FYT0
1	A0A0N2CWL1
1	E6KZF0
1	G4AAD4
1	A0A074Q2J1
1	C6D209
1	M4U276
1	A0A086Z0P6
1	V3T902
1	R6Y6G8
1	A0A085JC09
1	A0A095UGI1
1	W0R534
1	M4RHH1
1	A0A179D206
1	C3BFE5
1	A0A073K737
1	C3AH44
1	R8PS44
1	R8U847
1	A0A090RT36
1	A0A090TDV1
1	U4JWI5
1	F9TDZ7
1	A0A090R7I2
1	A0A090SCH8
1	U4DSK1
1	A0A0X8GN86
1	A0A174ATY2
1	A0A0J5P6V8
1	A0A0L7TBK6
1	R6H5M8
1	L0EJD5
1	A0A165U5T0
1	G8PHX0
1	A0A161V1F5
1	A0A165YR86
1	A0A165YRM8
1	B6QY18
1	A0A0J0YQM3
1	A1HSK2
1	R7MK06
1	A0A0Q4QB57
1	R6ZD70
1	A0A081N5X0
1	A0A142BES5
1	R6SMB6
1	K1RRD4
1	R7R3T7
1	R6EGR2
1	R5R3I2
1	A0A0A6URB2
1	A0A133YEC5
1	B2ULH7
1	R6JCA3
1	R7DUR7
1	A0A0Q4N3Y3
1	C6J2H3
1	R9LGZ8
1	A0A0B5QID9
1	A0A0B5Q9W0
1	A0A0K2MIN0
1	A0A0K2MI84
1	A6LS65
1	A6LS63
1	A0A086E2U6
1	A1S5P9
1	D5APM6
1	A0A0Q0R144
1	A0A0E2PEY0
1	A0A0X8FC81
1	A0A133QCA9
1	A0A0M8RJM5
1	A0A0M8RL46
1	A0A0L8N0U0
1	A0A0X3R873
1	A0A0M9XDP8
1	A0A0L8PZA7
1	L8ENX6
1	A0A0X7JED9
1	U2KQE7
1	S3K1W5
1	R9PRF2
1	A0A171CQM2
1	I2BAP6
1	A0A126QHW9
1	A0A0M2EUK8
1	V4NIS6
1	Q9CPG6
1	A0A0E3ZNI0
1	C9PQ31
1	Q9RH17
1	Q5NM66
1	A0A0H3G3K1
1	A0A066YVQ6
1	A0A0M8XCZ3
1	A0A0B5D379
1	R6N6A6
1	R5GYD7
1	R5L5F7
1	G5GGT3
1	B7C921
1	A0A0N0XNK6
1	A0A0J6DH37
1	F4GJK5
1	A0A161ZC43
1	U2A7D2
1	A0A0U0ZBS0
1	A0A0M0F5F3
1	Q1Z236
1	Q6LNK4
1	A0A0K9GGL3
1	S9T7G0
1	K4ZP40
1	S9SG38
1	R5QA50
1	E7H1E9
1	S3BB48
1	A0A075K8M4
1	Q8DK76
1	V5V839
1	A0A0F6QXU9
1	L1MXG1
1	A0A0X8KBH4
1	E0P1J8
1	C4V4V2
1	J4NU43
1	G5GQS8
1	F5RIS2
1	A0A0K1FFJ5
1	G9PKZ8
1	U1PZQ9
1	E7NDC3
1	F3P896
1	F9PGL4
1	J3A7Z9
1	J0MLS1
1	U1QBW5
1	A0A0X8K3F3
1	A0A139TRY3
1	D9PCY7
1	E0EKP3
1	D9P859
1	K0G266
1	I3DP79
1	E0FAZ2
1	B3H1R7
1	E0FGZ2
1	A0A0A7MCY0
1	E0F4L1
1	E0FN16
1	A0A0S4QA37
1	E0E8N3
1	E8KJE0
1	I2NJ82
1	B0BPX5
1	Q7VMI7
1	E0EYK2
1	A0A0H4HQW1
1	A3N144
1	R5YGI7
1	C9KIZ1
1	A0A0Q9CNA4
1	R7ISW1
1	D2RJC5
1	R7M2C7
1	A0A176SLB1
1	S0KSA9
1	R5Z939
1	U2CZ67
1	R7D514
1	R7CNT3
1	R7GU60
1	A0A174NN66
1	R5NPE8
1	A5ZTJ0
1	A0A174HKK0
1	A0A095ZAM0
1	E4NBJ9
1	R5ZLE6
1	A0A0E9FSY1
1	A0A133ZD58
1	D1BGJ1
1	A0A0Q6G6I7
1	R6FQG6
1	R6LKP3
1	A0A061ACC9
1	A0A174C5P0
1	E6MHQ6
1	A0A0D0NSZ3
1	A0A0A0C2A3
1	A0A101UXK0
1	D4BVM0
1	W3YH18
1	X6Q5K1
1	A0A0L6XD85
1	D1P030
1	A0A0E2QES3
1	K8WNX9
1	B6XBV9
1	B2Q1K4
1	A0A140NT43
1	A0A0H2LNJ4
2	I4D335
2	A0A135VPV8
2	U3UJB9
2	A0A031WDE4
2	A0A160XDC2
2	D5Q7K0
2	A0A0J0UAT3
2	A0A0N1HJG9
2	G6B6C6
2	A0A0H3N6E9
2	U3VDM1
2	T3D8X2
2	U3Y346
2	Q180C6
2	A0A170WXJ3
2	A0A125YDI6
2	G6BHI7
2	D5S0V3
2	U3V0E0
2	U3XBN8
2	C9YRC5
2	A0A0N1HK35
2	E8WN65
2	A0A010YDP8
2	G9PSU2
2	A0A0S8FRS7
2	D4H8D6
2	A0A151EJY1
2	E3CV25
2	A0A0K8QY45
2	S2Y2B5
2	F3AM04
2	S2YN60
2	E9RW04
2	A0A0F2Q8G4
2	B2A1A1
2	A0A0R1GFB5
2	A0A0S8H7Y7
2	A0A0S8KJQ2
2	A0A0S8K632
2	F2LTL4
2	R9NEA8
2	R9MS71
2	F0Z4X0
2	A0A174GER9
2	A0A0S8K0S6
2	C7LR40
2	A0A0S7BH42
2	E5UN59
2	A0A174DWR8
2	A0A0M4BTT3
2	R9H0P3
2	A0A0P0LFA4
2	A0A0M1W5W8
2	I8ZYK5
2	A0A076IN03
2	D1K756
2	A6L095
2	A0A0K2HFN9
2	B6VYJ0
2	R9IBD5
2	A0A069SQT0
2	C3RCD9
2	I8WEY7
2	A0A078REU8
2	R7P0X3
2	I8WGF0
2	D4VBS2
2	A0A174WLU9
2	C6YYZ9
2	D4CDD8
2	R5LTY7
2	D4MSQ7
2	D6DEN7
2	D3PA11
2	R5I1N0
2	A0A117L5Y9
2	A0A0U5NZ67
2	A0A0B3VPV9
2	G7V7P2
2	S8GPK1
2	B5EGM4
2	R6D016
2	F9Z3G5
2	R6FA27
2	A0A151B7S6
2	I8RL32
2	I9NLE5
2	A0A0S7ZKP1
2	A0A174KHW2
2	F7KCV1
2	G5GJG7
2	A0A0S2HX23
2	A0A0J1FQQ7
2	U7VC55
2	H5Y5V0
2	W0JIJ0
2	H1DHL3
2	R5V380
2	A0A0F2S6D8
2	F7KRY5
2	B0NDW5
2	A0A0M2U4X7
2	A0A0S7YGN3
2	R7AIS9
2	A0A101WJ16
2	G7WE24
2	G2G0P1
2	A0A0S8HKW9
2	A4J8R5
2	A0A0D5N2J4
2	Q74BE0
2	A0A101VEF7
2	R6WBG4
2	G4KZA5
2	R7D6G9
2	A0A087E582
2	A0A0E3GQ57
2	C6PPT9
2	A0A0F9MWZ7
2	A0A140L1N5
2	A0A099SC67
2	Q6AQM8
2	A0A0S7XEM7
2	A0A0S8B3C6
2	A0A0M1ITS5
2	A0A0F2PLF4
2	A0A175AFD5
2	E4LUE6
2	H1BAW2
2	T4P1Y6
2	R6VXQ2
2	E2SM17
2	N9V368
2	A0A099I4I6
2	G1VU56
2	J7IXV3
2	A7AGL9
2	K5ZFA7
2	K5Y3B7
2	A0A174R985
2	R6XDK2
2	B7BAT2
2	A0A151F9E2
2	A0A0K9NGQ6
2	C0BZI1
2	A0A0F2JAL9
2	A0A0J6ZP56
2	W6N7H0
2	A0A084JDI2
2	A0A0F5IXT6
2	K5YCC2
2	A0A0F5ITR9
2	A0A0F5J1I3
2	A0A0J6FG76
2	S0GSL6
2	A0A150Y6N3
2	A0A176U6T7
2	G7MD03
2	A0A073IUW1
2	A0A0C1TWQ5
2	J9GT37
2	A0A0D8I9T1
2	A0A069RIN1
2	A0A0S7YSZ0
2	A0A0M8JQ87
2	A0A0P6YD72
2	A0A0M3DM43
2	T4VHU8
2	T4VDE4
2	A0A099HT96
2	A0A0F2NH50
2	A0A173YY55
2	A0A173RWW3
2	R7FNI3
2	A0A174K3J3
2	A6BHN6
2	R5D1X0
2	A0A174J6R1
2	A0A117LM27
2	A0A0F9F300
2	C0BAQ4
2	A0A174C2P3
2	A0A173WZB7
2	A0A173T705
2	R6LNE5
2	B6FXX5
2	A0A0S7ZHD1
2	A0A075K6Y6
2	F6DS33
2	A0A175KWB8
2	C1FL58
2	A0A0E1KT55
2	A0A073D0Q9
2	A0A0D0ZTL7
2	A0A175ML10
2	A0A0N1SZJ8
2	A0A0L9ZYH1
2	A0A175LQV8
2	A0A0S6U5M0
2	B1IN03
2	A0A175MKS0
2	A0A175LQ15
2	A0A175L3R4
2	B1L0Y3
2	A0A0T6EQ16
2	A5I6R2
2	A0A0E1QN88
2	M1ZQ66
2	A0A175KUP3
2	A0A175LR24
2	A0A0A2HJK4
2	J7TB00
2	A0A0B4WCJ0
2	A7GIC4
2	A0A0D8JBF4
2	X5DGL1
2	A0A0S8JE93
2	K8EEC7
2	H0UP67
2	R7JLM7
2	R5P085
2	V6Q678
2	R5JGP5
2	A5N4Z6
2	B9DYK1
2	J0N1R7
2	R2RF16
2	R2R5K9
2	S0L759
2	R2XU16
2	A0A0S6W4L7
2	A0A151F8P6
2	A0A0A2HZ06
2	H1HV67
2	C0QIN7
2	R2SUA9
2	A6TKU3
2	A0A0S7C483
2	A0A0F9QD08
2	A0A0J0TU60
2	A0A0A8VY49
2	A0A0C7QU33
2	A0A0M1UWN2
2	A0A0A8VN07
2	A0A0S8K8Y4
2	F3BD88
2	A0A081C2Q1
2	D1B6M6
2	A0A0F9R027
2	U2LWK4
2	A0A151F9S9
2	A0A0A0DZT3
2	A0A101VS48
2	K6BAF6
2	R6IS11
2	A0A174UNV4
2	A0A069SBQ2
2	A0A073IBG5
2	A0A078T886
2	A0A173V6R6
2	A0A0J9DDY3
2	C7X781
2	E1YX04
2	A6LA42
2	K6BVV6
2	D7IQ77
2	D0T9D3
2	A0A174CV96
2	A0A174PPP6
2	K6B406
3	A0A0J6ZQ66
3	R6L2Y2
3	C0FSK3
3	Q1A666
3	R9JWP4
3	N1ZXR5
3	R6MMR7
3	R5WQJ0
3	C0EZV6
3	A0A173YYY3
3	R6G2Q3
3	A0A173RME7
3	A0A133SKD4
3	A0A0B3VKK8
3	W0HY93
3	A0A0B9GHX9
3	A0A174V663
3	F7KB15
3	R9MJT9
3	B6E975
3	A0A0K2MAH2
3	L1QHD0
3	A0A014M529
3	U2CL33
3	D4LJT1
3	R5NJH2
3	A0A0A0I5B4
3	B1B930
3	A0A072XC13
3	A0A0J1GEG1
3	A0A0A0IE11
3	A0A072YP78
3	A0A0L7NQG4
3	E1K0B6
3	A0A0U5NTN0
3	N2AMV2
3	D3LW74
3	A4Y1W1
3	A0A0J1LGR5
3	J1YPZ9
3	F9MR48
3	A0A134CDD5
3	U2ASW6
3	A0A174NX27
3	A5ZM80
3	A0A173ZPK8
3	S6EK96
3	C0EBN6
3	A0A0L0QK20
3	R7G068
3	A0A174TBW1
3	A0A174D7K9
3	R7CRI5
3	A0A174N7Y3
3	A0A174DS89
3	A0A173WTZ1
3	C6JCW3
3	Q21A60
3	A9KN53
3	A8S5M4
3	R0A524
3	A0A174C9Q1
3	A8S5K2
3	A0A0E2HQI9
3	R0DLL6
3	R6JSQ1
3	A0A0U5JNF1
3	R0AFN4
3	R7MX37
3	A0A0A0IZ64
3	A0A0L7FER5
3	A0A072YS76
3	C5VP31
3	A0A0A0IFR0
3	A0A174FLU5
3	F0Z0D1
3	R5I8R0
3	A0A174VYU8
3	A0A0M0A6V8
3	B2TMN7
3	A0A0M1LUA5
3	C5UTX2
3	A0A174KQS2
3	A0A0Q0QUT7
3	D5AKV1
3	A0A0E2PBT6
3	B6W8K7
3	F0H1H0
3	A0A0A0IKJ7
3	A0A072X1U1
3	A0Q2M5
3	A0A134AP14
3	E4L0I0
3	Q896R2
3	U6EUB1
3	A9LAS8
3	A8N0W2
3	C4IC81
3	A0A0F4WHK3
3	Q8GEZ8
3	N9YXQ8
3	A0A0F4W585
3	A0A0F4VU91
3	Q4VDZ5
3	A0A0A6PUK1
3	A9LAT0
3	G4KZW7
3	A0A151APF4
3	A0A0L6U187
3	H2IE47
3	A0A0J6WYY4
3	C4XNE3
3	A0A090ZI26
3	B6FX01
3	R7BJA8
3	A0A0B1U0W5
3	Q2RVZ1
3	Q3A4R4
3	A0A174B104
3	V8BRC3
3	F7JXM4
3	A7B0E1
3	R5U808
3	G6EYM2
3	X8HD06
3	R5GB72
3	A0A174H5H9
3	R6GBY8
3	A0A173S5X5
3	C0ERS7
3	C4IGE1
3	A0A162KSJ8
3	U5RY34
3	A0A162L7R6
3	D8GRB3
3	G4D1T7
3	D4LR06
3	A0A0D6AXU7
3	A0A160E113
3	A0A134CD09
3	D3LWR9
3	D6DJA2
3	R5XM50
3	J0MZX3
3	A0A161X9W5
3	S1NZI5
3	A0A029H1R6
3	V2TVN0
3	B7MZF2
3	B7MKP3
3	A0A0D1MFL2
3	A0A0E2LCP4
3	D8A3B1
3	S0XHZ1
3	S0YNB5
3	L3QEU2
3	A0A064T1C1
3	T6L520
3	D8APW6
3	L5HR94
3	H5V712
3	T5TS24
3	A0A0H2VC65
3	A0A0H2Z5G6
3	A0A142V1H5
3	A0A0K3NRR9
3	A0A029JE90
3	A0A0A1A981
3	X7PV93
3	E0QH07
3	J5H5T7
3	A0A080K2C4
3	R9JF23
3	N9WCT5
3	E6MIX1
3	A0A139D8L1
3	A0A0B5QSQ0
3	A6M0P1
3	A0A0K2MA17
3	U2NRH0
3	F9N5P5
3	A0A0A0ICC8
3	A0A0A0IPW4
3	B1B7Z0
3	A0PY51
3	A0A072XD82
3	A0A072XFN2
3	E6MIT5
3	C4G9K3
3	X8GW44
3	A0A181XAA7
3	A0A038CYZ1
3	H3MNK0
3	A0A0D7F069
3	A0A169UM99
3	A0A085IHQ7
3	A0A0D8ID41
3	A0A174ZLN1
3	D4M2Z8
3	A0A174YFI0
3	R6NZ18
3	A0A173S4N4
3	A0A0L6TVF9
3	G9XBJ6
3	J4WDM8
3	G9WXF7
3	V9HUN7
3	R6SRY4
3	F7JP01
3	A0Q2W7
3	A0A072WX62
3	A0A0H3IE22
3	J8Q0E4
3	D0KBE9
3	C6BVU8
3	L0R9G5
4	B8J0I2
4	R3W1P5
4	J7J5I3
4	A0A099RWD7
4	A0A0S3K9R3
4	A0A0U2LYJ6
4	R2T2I4
4	R3W7E5
4	R9MND2
4	G2FRV7
4	A0A0A7FUI0
4	A0A0F3FS26
4	A0A174P251
4	A0A010Z9B5
4	A0A0U5P1Y8
4	A0A084JFN9
4	D9R1K6
4	A0A0R1K819
4	C5EEA3
4	U2TK70
4	A4J9M5
4	A0A162S834
4	A0A0E3K3G5
4	E1QYG6
4	X8HTY7
4	F6DK28
4	Q30WW3
4	C6DEC3
4	A0A086ELX7
4	A0A0B3WEJ7
4	G7WEI4
4	A0A0S3BLI8
4	A0A0J1GXF8
4	A0A175MRP0
4	J7T069
4	A0A0M1IVY3
4	A7GF52
4	A0A175L8S6
4	A0A0A2HI26
4	A0A073CVA2
4	A0A0S6U480
4	A0A0T6EES9
4	C1FQC6
4	A0A0D1BW62
4	A0A175MCU9
4	A0A175LFL2
4	A0A175LYZ7
4	B1IFU2
4	A0A0E1L144
4	A0A175L118
4	A0A0E1QFJ4
4	B1KVC2
4	A0A175MUK9
4	A0A0M0A463
4	A0A175M642
4	A0A0B4WAH8
4	A0A0C1U4W8
4	A0A0T6F9D4
4	A5I3N9
4	A0A0L7F4L8
4	A0A072YFR7
4	A0A0A0IP08
4	A0A072YNU1
4	A0A0A0IH79
4	C5VRX9
4	A0A0D8IBN8
4	A0A0U1NVQ1
4	R2PL79
4	L0MC17
4	A0A126VBX0
4	S0LBT6
4	R2RCN2
4	A0A084J8S3
4	Q6AM73
4	Q894T5
4	U6EVZ8
4	A0A174BG05
4	R5U281
4	D3AGL9
4	N9VX79
4	A0A174X959
4	A0A0W0AWN6
4	R2T6T9
4	A0A0W1JPJ9
4	G9XT04
4	B8G0G3
4	I4AES3
4	Q24ME7
4	A0A098B8H0
4	Q30W70
4	C6PNP7
4	A0A0J5XE37
4	Q6D0N0
4	A0A0B5IBZ9
4	H3N6R2
4	A0A0J2H0H3
4	A0A085I0I3
4	A0A168NUN8
4	A0A0H3HBC6
4	A0A0G3SIG6
4	J5XLQ5
4	A0A0E0WTT4
4	A0A068H6H9
4	A0A0G9L8Q3
4	R9C7T4
4	A0A0M0A801
4	C5UWD2
4	A0A0C2SNZ4
4	B2TJR4
4	F0H1F9
4	C2CII8
4	B6W8J4
4	C7HVX6
4	A0A133KAW7
4	A0A166SK92
4	A0A168PVB6
4	U5RXG3
4	D8GID3
4	A0A0W2DIH7
4	A0A181W3X1
4	A0KHW9
4	B5Y2H7
4	A0A181YRY8
4	A0A181PPF9
4	A0A181XVY7
4	A0A0M3KL44
4	A0A0J4Y484
4	V3KBC7
4	A0A0C7KRZ1
4	A0A157YYG6
4	A0A0I9R798
4	A0A0I9NVU3
4	A0A0I9RH40
4	A0A170K0M3
4	A0A0M3KL45
4	C8TBZ4
4	A0A181IZS0
4	W8XJJ7
4	A0A0I9Q424
4	R5WGZ4
4	A0A181CUF0
4	A0A0H3FVR3
4	R4Y5E4
4	A0A169DPA2
4	A0A181W461
4	A0A0J1FSV0
4	A0A0G3CRF8
4	G5HDH7
4	A0A0F0CDT1
4	A0A0J9BZL1
4	A0A174EQ58
4	C0D5P1
4	A0A100YR89
4	A8MJE8
4	I4D450
4	A0A116QM81
4	A0A116QYG8
4	A0A0Z8JGV7
4	A0A0H2QDC9
4	A0A0N0ZCK6
4	A0A0R2HTA3
4	N2BUF7
4	X6QEX0
4	A0A0E2Q854
4	B6XDY0
4	D1P2A0
4	W3YJY9
4	A0A0A6UUU2
4	A0A0F8UQ89
4	A0A094T9R6
4	V6MGK3
4	C0ARI3
4	C2LLX3
4	A0A0G4Q7I7
4	A0A0V9HJB3
4	A0A0G4QE60
4	B4EYG1
4	A0A0M4MQL2
4	A0A0J1CC58
4	D4BXW3
4	K8WGB5
4	Q3A617
4	A0A0R1PMD8
4	A0A0R1KLF0
4	G1WHJ9
4	A0A0H3X8Z2
4	T9CW21
4	V8K3H8
4	A0A125XQG8
4	S0VFV2
4	F0JPC3
4	A0A0E0VBM7
4	D7ZDQ9
4	A0A178SKB8
4	A0A0H3MRP2
4	Q8G9W1
4	L2X868
4	Q1R2P7
4	B7LTU5
4	T6GSZ9
4	C6BX55
4	G9ZAT0
4	A6TUT5
4	A0A094S7M2
4	A0A0B3Y7P6
4	L0RDJ3
4	U2LT42
4	A0A0U3S9D7
4	U2L6H0
4	A0A0F7HB35
4	K4ZDE0
4	S9UAU3
4	H3SIR4
4	A0A0D7KFU1
4	A0A0M2VL03
4	S9T008
4	J8TAE3
4	A0A0H3I8V8
4	D0KLX0
4	A0A178K7C5
4	A0A135ZNU0
4	A0A090QM83
4	A0A0J8V9G9
4	A9KPD0
4	R7D7H4
4	V4QY56
4	A0A0E2IUZ3
4	G5F5A6
4	A0A134A578
4	A0A181XP99
4	A0A085J089
4	A0A181Y6E0
4	A0A038CRZ6
4	A0A0D7ETM6
4	H3MGU3
4	A0A014M5S7
4	H5Y087
4	I2B5R5
4	F0LQG0
4	K8DYB7
4	S6FBN5
4	A0A134A405
4	D2KVA7
4	M4YZ33
4	F5U465
4	U3TPT0
4	A0A0F5P2T9
4	D2KVE9
5	A0A174EQK6
5	A0A174LR54
5	A0A173RRH3
5	D4MWW6
5	B0P3T1
5	E5VNK0
5	R5Z5F3
5	L1PUD4
5	R2SDC2
5	A0A0K2MIW2
5	A6LRA9
5	A0A0B5QKY7
5	R5QDR1
5	A0A0J8YYH1
5	A0A0I9WIZ4
5	S1RN65
5	A0A174IFP8
5	E2NU26
5	A0A174SBT0
5	R7GI74
5	M3GHM0
5	R2SE80
5	A0A0R2AF79
5	A0A0V8QAB4
5	N9XVW9
5	S0RX36
5	A0A091C839
5	M1N4W4
5	C0ESC0
5	A0A173U0Y8
5	A0A174J5P9
5	R6G8A8
5	W1U1Z7
5	A0A0F4VRP2
5	A0A0F4WQN9
5	C4ICA3
5	A0A0F4WRK7
5	A0A0Q0TZU8
5	A0A0A6PW80
5	A0A139T368
5	A0A064C019
5	C1CB28
5	A0A0T7K5G5
5	A0A0E7N2L7
5	A5M4V9
5	E1LIC8
5	A0A158LLW5
5	M5MZX2
5	Q8DRB9
5	A0A0U0K2C1
5	A0A0T8EIM4
5	A0A0Y3SIC0
5	A0A0U0B4E9
5	B1I8X9
5	J1DL22
5	E1LQ96
5	G6LX26
5	A0A0T8G248
5	A0A0T8S744
5	G6LK82
5	A0A0B7MAR2
5	A0A0H2UN81
5	A0A0B7LMV5
5	A0A0T8NLV7
5	A0A0Z9YAI2
5	A0A0T7YCY6
5	A0A117C491
5	A5LJF6
5	A0A0H2ZLW6
5	M5JXZ3
5	A0A0T8X1V6
5	A0A0T8RGB4
5	A0A149VP27
5	A0A0U0DBH9
5	A0A0U0KJ12
5	F9HKN8
5	C1CC44
5	A0A0Y2SWS7
5	B2ISH7
5	A0A0U0KAT6
5	A0A139Q010
5	G6J824
5	A0A0U0GRN8
5	A0A0U0AB58
5	A0A0T8C289
5	V8I452
5	F9HBH5
5	A0A0X9L8M6
5	D6ZQA6
5	A0A0I6E485
5	M5KER0
5	G5F2V7
5	A0A134A1S1
5	H3K731
5	R6MNX0
5	G1VQ18
5	H1BBS0
5	R6UY63
5	E4LZ53
5	A0A099I2W8
5	A0A175A895
5	T4N6J1
5	N9WYT9
5	F4GJ42
5	U5PF17
5	A0A127TUS0
5	U5P508
5	E7S7Y3
5	C2ELS4
5	R9LQC8
5	E3CI77
5	N2C022
5	A0A0R2HSS6
5	A0A0R1GNH5
5	U2TM27
5	A0A0R1KG18
5	F2N714
5	F3LBU5
5	G5K9P1
5	M2NEK5
5	A0A0M2NG28
5	X0PS46
5	A0A0P6S2Q9
5	V4QS39
5	K6U5D8
5	A0A0R1WVJ9
5	A0A0R2KGV0
5	B9DT39
5	A0A0R2LDD4
5	U1WSM5
5	U2V8Y4
5	A0A0H3C2I2
5	C5WE78
5	Q1JJN3
5	A0A0E1DUT3
5	C0MFX3
5	A0A0E1EQA8
5	K4Q6Q8
5	U2VQF4
5	A0A0G7CB97
5	B4U5C4
5	Q48R20
5	F5UAK3
5	A0A0H2UWP3
5	M4YVS7
5	I7MQG4
5	A0A0D1AEL9
5	A0A0F5P553
5	U3TMR6
5	Q5X9N5
5	A0A072EKW3
5	A0A140JVV5
5	Q1J4E9
5	Q99XT3
5	A0A0D1AUU5
5	Q1JEN2
5	J7MBE6
5	C0MAD7
5	A0A0C6G170
5	A0A0G2V5N9
5	E7PXV4
5	A0A0D1BBE6
5	A0A0Z8F1R7
5	A0A0Z8IIS7
5	A0A0Z8K4L2
5	A0A0Z8EP95
5	A0A0H3MVM3
5	A0A075SG00
5	A4VU91
5	A0A123U4B6
5	A0A0Z8P0D7
5	A0A0Z8I315
5	A0A0Z8F4Q7
5	A0A116KYG6
5	A0A0Z8E8I8
5	A0A116LJK3
5	G7SH69
5	A0A0Z8IPD0
5	A0A0Z8DN51
5	A0A0Z8MU45
5	A0A0Z8M7E3
5	A0A116N160
5	A0A0Z8EZS0
5	D5AH45
5	A0A0Z8ECK9
5	G7SM36
5	A0A142UNF6
5	E2SL65
5	E5VTT4
5	B0MDH8
5	R6QCU5
5	Q8CWY1
5	A0A0E2ERA8
5	A0A0E2EKQ1
5	E7GE78
5	R2VJ85
5	R2RMJ3
5	R2QS06
5	A0A174KLN8
5	A0A174R3Z8
5	A0A0A7FYZ2
5	F3Y874
5	H5T2V1
5	R4JXW1
5	A0A0E2UQR7
5	A0A0A6S4M4
5	F1Z0C1
5	J2Z7D3
5	A0A0R1F6B2
5	F9P8H2
5	A0A139QJP4
5	F9E480
5	F0HZ12
5	F3UPW7
5	F2C8Q5
5	K8YND1
5	A8AZ47
5	A0A0P0N959
5	F2CGA0
5	F5U2R2
5	A0A0E2IUS8
5	A0A0F3HTW2
5	W1TRC6
5	F0IP32
5	A0A134DCM4
5	F0IR35
5	A0A0F2D640
5	I0SFC0
5	A3CKN7
5	G6A2S7
5	F3SK46
5	U2Y499
5	A0A0W3EZ10
5	F0I9M0
5	F0FFR0
5	T1ZF15
5	A0A0C1HNM8
5	U2YEY9
5	F2BTF2
5	A0A0F2CKS0
5	J5H4Y9
5	A0A0B7GIL0
5	J4NP18
5	I0SE98
5	E8KRV1
5	F0FVC4
5	E6J1Y6
5	X8H785
5	A0A0E9E9I0
5	F3UZT6
5	B1KZG5
5	A0A135PBQ7
5	F1T449
5	A0A0E9DW79
5	E1QW05
5	X8HVH6
5	B6FW14
5	A0A166JDL3
5	A0A098R2N0
5	F9URA6
5	A0A0P7H1T8
5	A0A0R2GM47
5	A0A178HM09
5	B1C1E4
5	A0A0R1Q920
5	A0A0K1F3T2
5	A0A0M2NMU6
5	U2JZ67
5	A0A0H3J4P2
5	B0N392
5	R5QZR1
5	G9R090
5	H1AIC3
5	S8NT30
5	S8HHG5
5	A0A076Z4V8
5	S9BZE0
5	Q8E739
5	S8NSL8
5	S8PC98
5	E7S699
5	S9BBK2
5	F8XYI3
5	A0A0H1ZHX1
5	S8HDE4
5	S9M6I6
5	S8PL42
5	Q8E1M3
5	S9BFB9
5	S9B855
5	S8G0W3
5	A0A0H1V7J1
5	S8FY03
5	G7M8E5
5	E7GH06
5	U2D9S3
5	G5FDT6
5	A0A174H662
5	G5JSL6
5	I9DK59
5	A0A143X8V0
5	A0A062WZ81
5	A0A0R1ZXX5
5	A0A0R2H5D7
5	U2P3S1
5	R7AA20
5	S1NI64
5	A0A0R2FVZ1
5	A0A0R1V613
5	G5K4S1
5	A0A0R2D662
5	I2NTK6
5	F8DH46
5	A0A0F3HZM0
5	I1ZK02
5	A0A172Q5T1
5	A0A0R1QDU5
5	K6W9B3
6	A0A0J8YDQ9
6	A0A161GL37
6	D2ZA78
6	A0A0P8T142
6	A0A0W2YNB8
6	A0A0X4ETV4
6	F5RTS1
6	A0A0M1R1Z8
6	A0A0N8N5R2
6	A0A0F1PRX1
6	A0A145VEB4
6	A0A0E2JWF5
6	A0A162UL49
6	A0A175QKY0
6	A0A0A7ZDT4
6	G2S3W7
6	A0A175PRV5
6	A0A155I5E0
6	A0A0F3ZAP1
6	A0A155ZFJ0
6	A0A0M1GCJ0
6	A0A175XJE5
6	A0A157NF75
6	A0A0F1H588
6	A0A167INP3
6	A0A0J0GN66
6	A0A0P8L749
6	A0A0M7GTM8
6	A0A176XAV7
6	A0A085H449
6	A0A0X6JSD2
6	A0A181CXT0
6	A0A0J6MIB0
6	A0A0E2MAU0
6	A0A167PT18
6	A0A0M2C4Q5
6	A0A0J1VVF5
6	A0A0J0DF08
6	A0A0W2LG12
6	A0A0H0DN31
6	A0A0M3EXF9
6	A0A0V9E2E1
6	A0A179PNA8
6	A0A0F4BHN3
6	A0A157HGT6
6	A0A0W2H956
6	W7P808
6	A0A0F0YH83
6	A0A0F0SSY1
6	A0A0E1J7G0
6	A0A155DFU7
6	A0A155PEE3
6	A0A0H0CQR9
6	A0A175S671
6	A0A175X4P8
6	A0A126PR37
6	A0A066PAZ8
6	A0A155YH79
6	G8LG11
6	A0A156YY21
6	A0A0U1LBX6
6	A0A144C3S8
6	A0A0P8NNR3
6	A0A145MJF5
6	A0A0J1V2X3
6	V3PKJ0
6	A0A144EIP3
6	A0A177IZG8
6	A0A181X5I3
6	A0A0J0I9K1
6	A0A156L9R6
6	A0A167KTJ3
6	A0A143HWT4
6	W0BKT2
6	A0A0F3YFC2
6	A0A0H3CPF7
6	V3E236
6	A0A0H0C1K3
6	A0A0X6Z5C3
6	A0A162AKL5
6	A0A090TKF5
6	W8U9U4
6	A0A0T9TLJ3
6	A0A0U1I1Y3
6	A0A0N9K196
6	A0A0H3NVP1
6	A0A0U1KA08
6	F4N4Y5
6	A0A0U1HWJ8
6	A0A0T9NLK6
6	A0A0T9LIU6
6	A0A0T9U385
6	A0A0T9P2F8
6	A0A0T9NS83
6	A0A0T7NUI9
6	A0A0T9SZ97
6	A0A0T9T1V4
6	C4SD77
6	A0A0T9Q9G9
6	A0A0T9TT32
6	A0A0T9TXS6
6	A0A0H5LTT3
6	A0A0B6FNK4
6	C4TRY6
6	A0A0T9PBU8
6	A0A0T9PV27
6	A0A0H5HAJ6
6	A0A0T9S925
6	C4SIY7
6	A1JJG9
6	A0A0T9TAR9
6	A0A0G3QAP7
6	A0A085GDR2
6	A0A0E1CHC8
6	A0A0M2QXL4
6	A0A170TWB6
6	A0A181D8C4
6	A0A168TKI5
6	A0A0G3SD71
6	H3MJR0
6	A0A0E0WWR3
6	W1HDV5
6	A0A0J2I5B3
6	A0A181NYN5
6	C8T127
6	A0A0G9WMW8
6	A0A169WHE4
6	A0A068H9P0
6	A0A181VGV6
6	J5X0L5
6	A0A180HIQ8
6	A0A181XP00
6	W8UXV1
6	A0A0J2GEK4
6	A0A0M1T7G3
6	W1AW18
6	W1DTG9
6	A6T6S2
6	A0A0C7F281
6	A0A038CQT1
6	A0A0I9PQ20
6	W9B5W3
6	A0A0V9HL65
6	V0AIC6
6	A0A181X5C9
6	A0A168QXV4
6	W1E833
6	A0A0I9NJE3
6	A0A170R734
6	A0A181TYN2
6	A0A0D7EUV3
6	A0A169VKL0
6	W8YF09
6	A0A060UXX8
6	A0A157THQ6
6	A0A0W8AD12
6	R5X834
6	A0A0I9NB67
6	A0A0B7G8S2
6	V3LGF1
6	A0A0H3GUK3
6	A0A0C7L0J6
6	R4YCS5
6	A0A164F7L0
6	W1HVE8
6	A0A170MVW1
6	A0A060VG09
6	B5XYR3
6	A0A168R1K5
6	A0A0H3FYA4
6	A0A168QHL3
6	H3NA31
6	A0A0H3H8F4
6	A0A085I8A7
6	A0A168N3U9
6	J2E7P7
6	A0A0J5AYK7
6	A0A071LZ77
6	A0A165L1R9
6	A6CV58
6	A0A084T9U5
6	X2GYA3
6	A0A080KEY8
6	A0A0A7S7J5
6	A0A0X2P424
6	A8GF53
6	A0A084YZE2
6	K8AMN5
6	A0A0G4K280
6	A0A0A1B583
6	A0A087KTP1
6	W0L3F1
6	A0A0F7HFS4
6	U2N9T4
6	A0A0U4IFV2
6	U2LNV8
6	S3JU51
6	I2B873
6	A4W8G8
6	A0A0S2SF42
6	A0A0W7U6S2
6	D2TQD8
6	V5AT55
6	K8AFZ1
6	J0M539
6	K5TL69
6	A0A0A5I9B8
6	A0A0C1Z9T9
6	A0A0C1YWA9
6	A6ALD2
6	A0A0D0IEK4
6	A0A0P7FGJ3
6	A0A178K0P6
6	K5VFY9
6	B8K4Q8
6	A0A0S3K475
6	A0A0A3FM33
6	D0WZM1
6	A0A090PRS0
6	A0A034TBY6
6	K5SUS5
6	A0A0B4IX43
6	A0A061Q2Y5
6	M7QEJ8
6	A0A061PLZ7
6	D0Z3A4
6	D0X7K2
6	G9Z5D1
6	A0A0T9M3Q5
6	A0A0E8XEU6
6	A0A0T9JHQ4
6	A0A0T9QVL5
6	A0A084A637
6	H8NP14
6	A0A0H3FBI3
6	H2IX68
6	L8J9M3
6	A0A127L2I6
6	A0A084ZU70
6	A0A0L0H1M7
6	A0A090VA96
6	D4E4A3
6	A0A063XXK1
6	R9VJX9
6	W6J2Q5
6	A0A0D1CSF2
6	J1QSA5
6	A0A173LEQ6
6	A0KM59
6	K1JBW0
6	A0A0D0QVG1
6	A0A0S3BGY0
6	A0A076LSS8
6	D0ZBB9
6	A0A034T1M9
6	A0A0E0YXJ6
6	A0A0H3DR73
6	A0A086GE88
6	A0A0N2A997
6	A0A0U5V0L1
6	A0A170BEY0
6	A0A0U7IV97
6	A0A0M2W9Q4
6	A0A177IKG5
6	A0A0G8B4K7
6	A0A0U7RVZ1
6	A0A0U6NK16
6	A0A177GMS6
6	A0A0P0QF43
6	A0A0P8VQ92
6	A0A0G9N268
6	A0A0D5WUW7
6	A0A0A2VZ96
6	A0A089PXZ6
6	A0A089UN93
6	E3G2X3
6	A0A0S3J9N4
6	A0A085GA67
6	H5UZA8
6	A0A0D1MRX5
6	C4L934
6	A0A0S6V949
6	A0A0X8SMS4
6	R0EQ49
6	A0A0K0H8Y1
6	H7E9A4
6	V1HJB8
6	A0A0A3AQL5
6	A0A0B8PQP4
6	A0A0B8NPC7
6	A0A0B8PMP8
6	A7MME9
6	A0A0U3YJZ8
6	K8B883
6	A0A0K2P344
6	A0A0K2N3Q6
6	C9XTM0
6	V5TZS1
6	A0A0F6SBP1
6	K8A6B8
6	A0A0K2PD63
6	K8CC45
6	V3T7X5
6	A0A0J5LRI0
6	A0A085I4E2
6	L0M8B7
6	A0A0B5IX18
6	A0A091AU47
6	A0A0E2LDD1
6	A0A0T6U3W3
6	A0A0T6PP92
6	A0A142E6C9
6	A0A165S3M4
6	K1JJ43
6	K1J690
6	M0Q9A4
6	D4F0X9
6	A0A0C5WAE6
6	A0A0B9A9C2
6	E5YG66
6	G9Y7W5
6	D8EM03
6	A0A074IKR5
6	L3QNN8
6	V2DEK2
6	U9XJ00
6	T8JA92
6	U9Z1W4
6	A0A0A6ZPJ1
6	H4J5D8
6	H9UQ89
6	E1HXP9
6	B7MQS6
6	W0AQW4
6	I6H7Q6
6	S4JLB4
6	F4VCE8
6	A0A027U6R7
6	A0A0L5XVF7
6	D8ADK3
6	A0A179QPU1
6	A0A0S3N699
6	H4INZ0
6	A0A0P8CHL6
6	A0A0D8W873
6	A0A125XMM9
6	P75793
6	A0A0W4RAH6
6	A0A0A0F8W4
6	D7XY66
6	V8FDN6
6	S1J3K0
6	V0YJ68
6	A0A0F6AZ07
6	A0A070SSA2
6	V2K392
6	T6HN75
6	A0A166U225
6	S5MMY6
6	E3PI53
6	A0A0P8PWA2
6	A0A070DE42
6	L2XSA2
6	V0UQM8
6	D7ZSF6
6	A0A029IXW0
6	D8C080
6	A0A037YNL2
6	E9XND4
6	A0A0K5ZJ68
6	V2TPE5
6	A0A064CVL9
6	M9F4E2
6	S0Y9H4
6	A0A073VQP4
6	A0A0M1RD50
6	X7PMP5
6	A0A073I0I2
6	A0A0E0TWJ6
6	A0A0W4QIG1
6	A0A025CDX6
6	S5HTU0
6	A0A0C2DM04
6	V0RKN6
6	M9GAI9
6	V2P5C1
6	W1FXP1
6	A0A0P8I6I0
6	A0A0N2BPR1
6	S1FFZ3
6	A0A0W3CXM1
6	B3X184
6	A0A0E1T6A6
6	F8XG14
6	K0X924
6	I6G4L5
6	B5R831
6	A0A143FCJ2
6	B5QAY5
6	H4L9J7
6	A0A023VB43
6	A8AIU6
6	L4JDS3
6	V7ULX4
6	E1IR48
6	A0A090NDA2
6	C8TLT9
6	A0A0F6EA06
6	A0A166WB30
6	Q3Z3W0
6	A0A159ZGF9
6	S4IN48
6	A0A117HWR9
6	A0A062YDX9
6	M9GNV7
6	Q32IA9
6	F0JWI4
6	A0A0J1KEG9
6	A0A073WBP8
6	C0PX30
6	A0A0F3U5Z6
6	A0A024KPC6
6	A0A0F5SIR2
6	V0Z123
6	A0A090U176
6	A0A0G3K1M3
6	A0A0J0HST0
6	H4K0A2
6	A0A0E0V386
6	V1I8Z4
6	V1RDK8
6	E9YS41
6	S1DY37
6	V7IN49
6	H4JJJ0
6	A0A127GI84
6	V1N1J6
6	A0A0J1N3E9
6	A0A0M0QXH4
6	A0A0M3E1B2
6	A0A142UVV5
6	T9DI93
6	A0A0J1Q1F7
6	A9MIQ4
6	L3PBU5
6	U9YGE3
6	A0A0G3J5M8
6	Q323X1
6	J2FQD0
6	A0A073UQ17
6	A0A073GTY4
6	A0A0M7N7R6
6	A0A0D7LV38
6	F4SLK6
6	T5UUG1
6	A0A0G3JCG8
6	J7RPJ0
6	A0A0E1IL77
6	A0A023MZF2
6	A0A155WXC5
6	A0A0H3MFG3
6	A0A0V2DGG0
6	A0A064TVS2
6	F5MZK1
6	A0A0P7NUT1
6	D8AIX9
6	I6HBW7
6	G0F372
6	A0A080G5D2
6	A0A070D5E1
6	F4TC39
6	A0A029N0Z0
6	I6BZJ6
6	I2WL84
6	A0A0K5G316
6	N3FNI0
6	Q8Z868
6	D6J8D7
6	A0A0H3BME1
6	V1GXN3
6	W0FP20
6	A0A0K4BXI9
6	A0A0K9TED2
6	A7ZJP0
6	D7XVI5
6	J7QNS3
6	A0A0K5RC80
6	N4P8W6
6	A0A178QU51
6	D7X0J6
6	T5PLM9
6	V8MID2
6	A0A078LG43
6	S4KBJ4
6	S0TXF0
6	A0A0F6F372
6	B6I8E3
6	A0A0G2NLQ9
6	S1IFU1
6	G4BZW5
6	T2PQT9
6	E3XVC8
6	I2S5J7
6	V1T0V2
6	A0A0F6TTI1
6	A0A0W5EH70
6	K3KXL3
6	A0A0B1G900
6	A0A070U518
6	A0A179R9Y8
6	N2HI35
6	S0WRZ2
6	E8XBV5
6	S4KTH7
6	B7LMY8
6	Q83LT5
6	F5NSA2
6	B7MGT0
6	E9YL57
6	T9TD70
6	D4BC45
6	Q8ZQM6
6	A0A028E4G3
6	V0T268
6	A0A0K4GGA9
6	K4VZ80
6	W1ATZ8
6	B7UM18
6	S1Q9J9
6	A0A0K4LW71
6	A0A074IRP1
6	Q8X7S6
6	T9HK63
6	D3GZP1
6	N3NW66
6	E0J5W7
6	A0A080JAR5
6	G5PKG7
6	V5KGW9
6	V2RHE9
6	S0ZPZ7
6	A0A028AJ31
6	A0A070F4E7
6	A0A0P8QP28
6	L3KWI1
6	L9IIF2
6	S1HNP2
6	I0VPT8
6	A0A064EAD3
6	A0A029PQP3
6	X2KCB8
6	A0A0J2EP76
6	A0A0J2I3J8
6	N4NU64
6	A0A0E0Y332
6	A0A0U4IUQ4
6	A0A100PQD4
6	N2K758
6	A0A085P4B7
6	A0A140NDT4
6	D8EBD1
6	R8X111
6	E9TNP9
6	L2W2X3
6	F4SV99
6	W1WYR7
6	F4NPE7
6	A0A0E1LV34
6	V8KST2
6	A0A133L6K6
6	A0A168RZ11
6	U9YQB3
6	D6HUM5
6	N2QW25
6	H4KDY0
6	A0A070V2A8
6	N2JYP1
6	M8R270
6	A0A0H2WQC1
6	B7NAG7
6	H3KLL1
6	V0AGD8
6	M8KCX5
6	B7LCA6
6	M9HRI8
6	L4VY31
6	D7YJ43
6	V0XIL1
6	A0A0P7QUG0
6	A0A0X5QFL3
6	G5QXB5
6	A0A0H3X6S5
6	Q57RB7
6	I2XEL1
6	H4I8J1
6	S0WCB3
6	M9KH64
6	B1ENY0
6	S1F3Z1
6	D6I7V6
6	A0A0A8U8S1
6	E2XAR2
6	A0A0B0VM05
6	T6ANY6
6	A0A069XBE5
6	A0A0R9N4P5
6	A0A0J1KUI5
6	A0A163EY77
6	R8XJL2
6	E2QII9
6	A0A0D6IB26
6	W8ZFA4
6	F5MF82
6	T6MZ63
6	E7SDV9
6	A0A0H2YXX6
6	A0A0U0WHJ9
6	F4VSW3
6	A0A0S3NI69
6	S4KBJ8
6	S1CBH8
6	A0A023YUY0
6	A0A089GBQ4
6	I2RB01
6	C8UL48
6	A0A0J1LJN8
6	B2TVA5
6	W1EW04
6	A0A0V2E9C6
6	A0A179TCN7
6	F5MDQ1
6	U9Y4Z3
6	M8XYH9
6	A0A0M5JZM7
6	A0A0U1FEU8
6	A0A070KMN4
6	A0A0A1RRP6
6	A0A0J6DEH0
6	E1HP37
6	D3QNN9
6	B1LMB6
6	I6DB16
6	A0A0E2L819
6	A0A0F7J4N8
6	A0A0A1A389
6	A0A029L025
6	E6BDN8
6	A0A0K3NI60
6	V1AJM5
6	A0A0E2TSC9
6	L3QDB0
6	N4NU03
6	A0A0N1QZS3
6	B5F0C4
6	A0A0L6Y420
6	B3YEG8
6	Q0T6D9
6	E7T5J6
6	V6FLU0
6	A0A026UH96
6	A0A029I9E3
6	A0A0N2BU31
6	I2SZZ3
6	F4V020
6	A0A0D6GX35
6	I4S9P1
6	H1BWI6
6	A0A090U9R3
6	A0A073G0J3
6	A0A0H3SIS1
6	A0A069XQJ0
6	A0A140T193
6	Q1REA2
6	B3HB17
6	M7RHT2
6	A0A0V1YIK7
6	A0A0H9ZJV4
6	A0A177BR88
6	T2QGB0
6	A0A0V9JQ51
6	A0A140QJ04
6	I6D2C6
6	A0A0D7LPK1
6	T9A7C6
6	M2PTA6
6	E7TIQ5
6	I6DZ92
6	A0A125X6N5
6	A0A179VJ38
6	A0A0Q9YV73
6	V1XP40
6	I2WBS0
6	A0A080FFD1
6	V0TRY2
6	A0A0L2Q791
6	A0A0L5PLI6
6	H4HTV7
6	L3BRQ5
6	A0A0H2V5G7
6	M8KXW3
6	A0A0F5BBW5
6	A0A0H3NEN9
6	M9FLV7
6	K4WLV0
6	A0A0F6MB17
6	A0A0T9WG02
6	V6G0D1
6	I2UKC9
6	A0A029LUW6
6	S1MF46
6	L2V5H6
6	A0A0L7AJ13
6	N3KA35
6	D8B4K0
6	D7ZC85
6	A0A0B1BJA8
6	A0A0H3EHF4
6	A0A026RSU3
6	A0A0N2BJT1
6	D2AAQ8
6	E8Y4K8
6	A0A142H126
6	A0A017IL22
6	C8U4A4
6	W8SQ38
6	H4UG66
6	A0A0E2UCX7
6	E1J5J8
6	A0A0K0HPU8
6	A0A097R366
6	A0A085GSG1
6	A0A0M2NCK4
6	A0A127N9B7
6	A0A090RQL9
6	A0A175VMJ1
6	A0A0L7Z5A1
6	A0A0M9C7S9
6	A0A0L8TLH8
6	A0A0D1GVQ5
6	A0A0D1EXB9
6	U3A360
6	A0A0D1FJP3
6	A0A0T7E4H2
6	Q87FW1
6	A0A034TP13
6	A6B7E7
6	X7R6E2
6	A0A0F6LK23
6	A0A0N0UJE4
6	S5JB16
6	A7K1P7
6	A0A0G9M3D9
6	A0A0D1E4B2
7	A6D1Q9
7	A0A084T2T3
7	A0A165IR93
7	A0A0Q4N9Z9
7	R2PXM8
7	A0A0K2J8C3
7	C2ELS8
7	D0GPY5
7	L0LZC5
7	U2LS07
7	U2MW68
7	A0A0U4H115
7	A0A0F7HAW8
7	A0A0G3S9P9
7	H3NAN2
7	A0A181Y6H1
7	A0A181XJI0
7	A0A068HAE2
7	A0A0E0WXT9
7	J5X8F2
7	A0A181X4F0
7	A0A0H3H9E0
7	A0A0F4NII5
7	R2RK52
7	R2NU61
7	A0A0B8PE23
7	A0A0B8Q8I0
7	A0A0B8Q7B9
7	A0A0D5WSH2
7	A0A0A2VZB7
7	C4LFY8
7	A0A0B5IF49
7	D2TTJ8
7	A0A0V9JAI0
7	A0A140SWD5
7	A0A090UGS2
7	A0A0F6TY66
7	A0A0M3E334
7	A0A064DJT1
7	A0A0T9NWB0
7	M0Q579
7	D4F6M7
7	R2VBG7
7	H2IF99
7	A0A096BHK0
7	A0A0J5LSN2
7	D1AJA5
7	A0A090T807
7	S0SCV5
7	A0A0I1P0K1
7	J2NAE7
7	A0A085FZE4
7	A0A0L0GLE9
7	A0A0N8NM72
7	A0A0N8MWV6
7	A0A0P8S8U0
7	A0A140QAD1
7	R8WJQ9
7	A0A0F5S6Z1
7	A0A0J1M0Q6
7	A0A0J0J488
7	A0A064CZ33
7	A0A0D7F281
7	A0A038CRR8
7	A0A181XUE3
7	A0A085I8T0
7	A0A181Y8N9
7	H3MKA6
7	V5KLE5
7	A0A0T7RWJ9
7	A0A0H3SGT3
7	S4LZR1
7	V2D5H5
7	S4K409
7	Q8ZKM4
7	A0A0G2NSH3
7	V1H970
7	C0Q467
7	S4K6C0
7	A0A0W3RG07
7	M7S1N0
7	S4IMG1
7	A0A0N2P0I7
7	B5RF54
7	A0A0D6IR06
7	G4C989
7	S5HCI0
7	A0A0H3NV35
7	A0A0H3BNG4
7	A0A0T9WIB9
7	V2N7A2
7	T2Q7B4
7	T2PZJ7
7	A0A0N1VN09
7	A0A0U0XAN4
7	S5NFB0
7	A0A0U1IJ71
7	V1QDJ2
7	A0A0R9MEP6
7	A0A0F7JF56
7	A0A0N2BQC5
7	V7IT63
7	A0A0F6B9V0
7	A0A179VJU2
7	E8XL70
7	V1WWE0
7	A0A0W3SSH5
7	S4K3Y9
7	A0A0E8XP40
7	A0A0T9MRH8
7	A0A0T9RB64
7	A0A0T9JSL8
7	H8NUA0
7	A0A0H3FFE2
7	H2IVY7
7	A0A143I1W1
7	A0A0F4B610
7	A0A155EQV7
7	A0A126PGX0
7	A0A167KM66
7	A0A0J0GCD9
7	A0A0P8VBK0
7	A0A157DBT9
7	A0A0W2I732
7	A0A0X6ZMR8
7	A0A177J9G2
7	W7NTM2
7	A0A0R2FH98
7	A0A0R2FPV6
7	A0A0C5WFZ9
7	G9Y151
7	A0A0B8Z7C7
7	A0A0J1LDQ2
7	A0A0F5BA93
7	R4K8C1
7	A0A0C7KZX8
7	V3KPQ1
7	W8XM93
7	A0A164VMB2
7	A0A060UYB0
7	A0A181YL73
7	R5X794
7	A0A169I2K4
7	B5XXR3
7	A0A181VI53
7	A0A0V9HLL3
7	A0A0I9NND6
7	A0A181TII0
7	V0AF93
7	A0A164FMR9
7	A0A0C7KG97
7	A0A0B7G8A4
7	A0A181D9E5
7	A0A0I9PMI4
7	W1BFE8
7	A0A168ZLK8
7	A0A0J4XUY4
7	A0A0I9R3T4
7	A0A060VLG2
7	A0A169LWF6
7	A8AKX1
7	A0A078LHW6
7	A0A085HA16
7	X0PU04
7	A0A0E0YZP1
7	D0ZE27
7	A0A0H3DNW9
7	A0A076LUI7
7	A0A034T1P8
7	A0A127N362
7	A0A097QXR3
7	A0A0M2KGJ6
7	A0A085GZ60
7	A0A0M2N5P5
7	A0A0J0IJ53
7	A0A145F853
7	A0A0F0TH37
7	D4E0C4
7	E3G4Q4
7	A0A0S3J6W3
7	A0A085IFM3
7	A0A0H3J2B1
7	A0A0K3QGP9
7	A0A0D6HIF5
7	H9UZE2
7	L2VM44
7	D8BX51
7	J7RZ25
7	N2J4G0
7	T8J3U0
7	C8TZP0
7	T9D8V6
7	I6BB77
7	E1JDG8
7	V2S1G7
7	L3K821
7	A0A069XJQ5
7	D7YNR7
7	A0A037YM28
7	A0A0K5RTF5
7	A0A0F6EKF6
7	A0A090NKV3
7	S1ES75
7	V0WZY1
7	F4VLM5
7	A0A0L1C966
7	A0A0L6Y2E1
7	D3QYF6
7	L2X582
7	M8KDF3
7	A0A142V461
7	F4NR12
7	S0WS19
7	X7NN60
7	S1LTL3
7	T9S788
7	H4I433
7	A0A0H3ERI9
7	A0A0F3WDI5
7	W0AU80
7	E7SYH3
7	Q1R3W0
7	W8SW05
7	I2SQK1
7	L3NSV9
7	B7NFQ1
7	W1F4Q8
7	A0A070KAK0
7	M8XJ03
7	A0A0K4C372
7	D6IGM7
7	A0A0G3KGL4
7	A0A0P7LC41
7	F4SS09
7	A0A066T5F0
7	L3Q5P7
7	V0VGX2
7	A0A0B1G7G1
7	D8ETD4
7	A0A0B1N7A6
7	A0A0J2AMU1
7	A0A153GJ02
7	A0A140NF65
7	A0A166ZR10
7	N3MW86
7	E9XUZ7
7	F8XFP1
7	A0A181WY41
7	D8A6F4
7	N2QDV0
7	V0SMU7
7	B7LA51
7	S0X2E0
7	A0A0H3PRX5
7	F3VCP1
7	A0A0B0VPF4
7	A0A0F6CBR4
7	A0A073UL33
7	C8TMJ9
7	B1ER02
7	A0A026RX06
7	T5U2W3
7	I2X2E2
7	A0A0W3CN52
7	U9YDX7
7	N4NW48
7	A0A0A8KNU7
7	A0A029HDY3
7	A0A080EN98
7	A0A166R9W0
7	N4MZ40
7	K3KFG4
7	M9GPM3
7	A0A070DQ96
7	A0A152UL13
7	A0A0E0Y974
7	A0A070T1X5
7	A0A179Q2U5
7	I6DG12
7	A0A0M1TJB8
7	N2K388
7	A7ZUG9
7	H4JV41
7	I6G4M0
7	A0A0F6MJP3
7	A0A178QMB0
7	L3PUQ4
7	A0A074I6X9
7	D8ECF1
7	A0A0H3MJK3
7	A0A0N8J2B8
7	A0A064T1N6
7	A0A135PL20
7	A0A070DH76
7	D6I3K5
7	A0A069WYD1
7	D3GS08
7	V0Z788
7	F3WQR5
7	A0A0A0F8F5
7	D6JHS2
7	U9ZVN9
7	A0A024KLX0
7	V0S392
7	W9AN47
7	A0A029L8B9
7	W1VY96
7	L5GU30
7	U9YRP6
7	A0A125WW05
7	A0A177BIR1
7	A0A062Y1T8
7	Q32AC4
7	L3BZV5
7	U9XS12
7	H4LK65
7	A0A0K4PSV5
7	A0A029P566
7	A0A0E1M4C4
7	F4TMZ3
7	A0A0H2VCY5
7	A0A0K4QM42
7	M2NQ40
7	S0UCP8
7	A0A0S3NRF6
7	B7MI87
7	I2RDG4
7	V0TW21
7	A0A080FN30
7	M9HIU4
7	A0A0H0RTQ9
7	I2WBB1
7	N2GM98
7	I2X3Y4
7	F4T6I8
7	G0F9R7
7	R8WMK3
7	V0AQG2
7	A0A0H0HIB1
7	A0A029K1T9
7	A0A070UWD1
7	E3PB82
7	D7XIF0
7	V8K627
7	A0A127GS44
7	S1IGH8
7	A0A074IDC5
7	E9YKU6
7	B3X1G6
7	E7SQG7
7	H4J024
7	B1LNR1
7	A0A070T9P7
7	A0A0H3XAK7
7	V2SV32
7	M9F9X1
7	A0A0S3NEW7
7	E7TJY9
7	P32674
7	F5P110
7	K4UUE5
7	F4V8U7
7	A0A0E0VCP6
7	K0WSB5
7	I4S678
7	A0A0K3X0I3
7	S0VH14
7	S1GC27
7	T9ARF6
7	L4UY56
7	B6I5G7
7	D7ZGZ3
7	E0J698
7	A0A178SWD1
7	A0A073H2X8
7	S1IB16
7	T5Z5L7
7	A0A0D0N977
7	A0A0F3UEV7
7	W0FTP1
7	H1C3H5
7	H3KWR4
7	T5NMC0
7	S1I2X9
7	A0A142GXM1
7	A0A152XC72
7	E1HL37
7	D8AM04
7	I6CDP3
7	V0XTZ3
7	A0A073W2U8
7	S1PHP8
7	A0A128AR06
7	A0A073FZK0
7	A0A0E1T5A1
7	M9DKF9
7	A0A080IB34
7	A0A0H2Z5R9
7	A0A025C1D9
7	M8K7R1
7	B7LUP4
7	E8Y6C7
7	H4IJ40
7	D8AYE9
7	A0A0E2KYU8
7	N4NJF5
7	B7MR78
7	H4KAG0
7	M9JJM1
7	N3F9R1
7	E9TD08
7	J7RBJ0
7	A0A0E2TN80
7	A0A0E1LEP5
7	A0A027ZQN8
7	E6BQ78
7	A0A0K9T5T0
7	M8Q610
7	D7XZY7
7	L2VFL5
7	A0A0V9GJ93
7	A0A029IID4
7	A0A029LSN7
7	B7UNS7
7	T6LM56
7	A0A0J2BTJ1
7	F0JXF9
7	I0VXE7
7	V6G0M5
7	A0A023Z5P7
7	I2UC56
7	L4IVR7
7	A0A027TH19
7	V6F9V4
7	F4W2N0
7	A0A125XBJ7
7	E9Z0T8
7	E3XJP2
7	A0A017I472
7	I6CVR8
7	Q83IT0
7	A0A0G3JH02
7	D7ZQQ9
7	A0A0A1ABN1
7	E1HVH5
7	V0ZZ32
7	A0A163CRU4
7	S0YQY2
7	A0A0D8WE42
7	H4URY8
7	A0A178RAQ9
7	H4JG54
7	S1CS91
7	A0A0F6FF77
7	S1C8E7
7	I6FJB3
7	E2X3D5
7	A0A0A8ULY2
7	A0A0L7AC31
7	T6H5Z3
7	D7X2E8
7	E1IW04
7	V8FML7
7	A0A0S3N2F5
7	Q31U37
7	Q0SY43
7	A0A0P7ZWN6
7	A0A085PAE2
7	A0A178SSA5
7	N3K2H4
7	A0A026US49
7	A0A0G3J2L6
7	A0A0E2TWJ5
7	M9GZU9
7	F5N876
7	Q8X749
7	B2TWE7
7	L9HTG4
7	A0A179Q038
7	A0A073G5X4
7	U9XHW3
7	C8UKL2
7	A0A070FAT8
7	B3HIT0
7	D2ACQ2
7	H4KQ08
7	A0A0E0U6Q8
7	A0A0B4IQ12
7	G2S5M7
8	J9H4H6
8	D4IKU7
8	R6VJA4
8	R5WML1
8	A0A0G4B0N3
8	A0A0G0LLF8
8	A0A0N8GN74
8	W4PVM3
8	W4P7F2
8	A0A0D8JGC2
8	X5DDZ1
8	I8YIR7
8	I8XQ43
8	U6REE4
8	A0A173V923
8	R5JGZ4
8	H8KRM5
8	D1JXR4
8	I8WM56
8	I9RFI7
8	R7NVZ4
8	E5UYI6
8	R9HUJ7
8	R9IIH7
8	A0A0P0LA80
8	J9H2Y4
8	A6L4A8
8	I9J968
8	A0A076J7F4
8	U6RMS0
8	A0A069S3Y2
8	R7NXA9
8	A0A078RA47
8	A0A0M1W330
8	B6W4D5
8	C6Z7Q0
8	D4V9F1
8	C3R4W1
8	A0A069CZK8
8	R5VEF8
8	R6CFX3
8	R6SPD7
8	F0R669
8	R6YPE8
8	S0F664
8	R5MXL7
8	R6MW65
8	B3JJ29
8	B5CYQ5
8	R5UDB4
8	A0A0X8X1X0
8	I3YKM4
8	R6Z513
8	E4MBB9
8	A0A173ZW35
8	A6E8I5
8	A0A0E9LVW0
8	R6D9V2
8	A0A134B3F7
8	A0A134AXS1
8	U2IZU2
8	A0A069ZLL2
8	J5VUJ2
8	A0A099XSF3
8	A0A0A2E3U5
8	E6SP18
8	A0A0A2F0Y4
8	W7Y529
8	I6APP4
8	R7D0S7
8	R9GTV9
8	A0A099XY02
8	A0A0A2G7C0
8	A0A0P0CKU4
8	A0A0A2DUQ6
8	A0A090VRK6
8	L1NAT7
8	Z4WXW3
8	T2KKC9
8	I8YS49
8	D4WCA7
8	C3QQ02
8	R6UW77
8	A7M650
8	R6JPX8
8	Q89YJ3
8	K5CNZ0
8	I9T9S4
8	D0TT93
8	A0A015PDG3
8	A0A174WW45
8	F7LDK3
8	R9H791
8	A0A173WJX0
8	C6IQV0
8	A0A078PWB9
8	C3QBA7
8	D6D3I3
8	I8V7U3
8	D7K2B1
8	D4VJG3
8	A0A078Q259
8	A0A0J9I559
8	W4PFK1
8	D7J4U5
8	A0A174PMT1
8	E5C403
8	A0A139KSD6
8	F7M5R0
8	A0A174PAL3
8	I9UX25
8	A0A174CEQ9
8	U2DVC3
8	R7L0F6
8	A0A139JW62
8	A5ZGX5
8	C9KY25
8	R5V284
8	A0A0N7IAF9
8	R6ZA62
8	A0A017P4S7
8	A0A081TWQ5
8	A0A015W3G0
8	Q5LFQ3
8	A0A0E2TB97
8	A0A015VDC9
8	A0A0K6BSQ7
8	K1G4L9
8	A0A0E2T1A8
8	A0A015X722
8	A0A0E2S7Z6
8	A0A015Q362
8	Q64WN8
8	K1FKV6
8	E1WRW4
8	D1JK38
8	A0A015VRQ9
8	A0A139T0V7
8	A0A016EHU9
8	A0A016CNM9
8	A0A015ZVB2
8	A0A0E2ASS8
8	R5RAM2
8	A0A016ARX2
8	E4VQB4
8	A0A0E2AFV7
8	A0A016AEV2
8	A0A015TSX8
8	F7LMD0
8	A0A016G461
8	A0A016F3V4
8	K1GJB8
8	I9BLF2
8	A0A015U401
8	A0A017NFB9
8	A0A015UR03
8	A0A015XCK5
8	J9G937
8	A0A178IPC3
8	R5CHB2
8	R9I0C0
8	K9E720
8	D2F0C1
8	S3YNF9
8	E5X2A6
8	A0A139KBP2
8	A0A139KLY8
8	R7ELE0
8	R5S8K4
8	R6L5E7
8	R5JME6
8	B7AGT3
8	R6LAB6
8	A0A174JN29
8	I9A4D6
8	A0A078RZ19
8	A7VA97
8	E2NHZ9
8	A0A174I9P3
8	R6ACK3
8	R7E049
8	A0A108TDI1
8	A0A0P0GU99
8	E5VD60
8	B0NMY1
8	F3PF26
8	A0A174UQE4
8	A0A108T9J2
8	F3PQM9
8	I9R2D5
8	B3CBU1
8	A0A150AQH2
8	A0A0D7W2E1
8	A0A0D3L9D0
8	R5GRJ0
8	A0A0P7AMN2
8	R6AB31
8	H1Y8R4
8	A0A085EEH8
8	A0A0A2FJ87
8	A0A099WS45
8	R7LHB1
8	R6T0L9
9	R9LNJ6
9	B1C0V4
9	R6FX70
9	R5YZ99
9	A0A139T096
9	D8GM82
9	A0A170NN66
9	U5RQ59
9	A0A174IC82
9	R7GPY7
9	E2NNL7
9	A0A174MH41
9	A0A140DXR4
9	H3K7U9
9	R6MN93
9	B0NWT4
9	A0A173T9H9
9	L1QDK4
9	R7BWW4
9	E5VH44
9	A0A173WC62
9	D4MYQ4
9	A0A174FBE1
9	A0A174U007
9	A0A173RAC9
9	C0CZN8
9	U2R520
9	R7AYI7
9	N9XLQ2
9	R5FB93
9	R5QRV4
9	B6FX97
9	E7G882
9	R6UNY2
9	N9V1F8
9	E4LV95
9	T4NLT7
9	A0A099I0L1
9	H1BA82
9	A0A175A7K1
9	G1VVQ1
9	A0A143ZQQ3
9	K6TXC6
9	A0A089HRK6
9	I8TYV2
9	M2PZQ2
9	A0A0B5QJY1
9	A0A0K2MK67
9	A6LQ73
9	R5Z792
9	R5Z3U5
9	A0A011A449
9	R6RK55
9	B0MAT7
9	E5VYB8
9	H1ALG1
9	G9QYJ0
9	B0N0F9
9	B7CCP2
9	E2SRW9
9	R5L738
9	G7LXL9
9	U5F8J5
9	H1BMX4
9	A0A0V8QCF5
10	M1WRN5
10	D0KKF5
10	J8T9B4
10	A0A0H3I9R4
10	A0A180FAB9
10	A0A180FSS8
10	Q250T7
10	G9XK69
10	A0A098AWB8
10	B8G1R0
10	A4J851
10	A4J854
10	A0A0J8G230
10	Q6AIS4
10	G2HDJ2
10	I4A4E8
10	G1V3L3
10	E5Y378
10	Q727N1
10	A0A0E0T5H8
10	A0A0H3A612
10	C7LUE5
10	R4K606
10	A0A0G4JZM5
10	C7LP05
10	F6DRK7
10	A0A089LJ13
10	G2H8Y7
10	L1Q6D3
10	E5VHX9
10	H5XXX7
10	I5AQH6
10	F6CM77
10	G1UPG5
10	A0A0X8JMK0
10	A0A101VA27
10	B6WUX6
10	Q312S2
10	E5Y7I4
10	G1V1Z6
10	F0JHB0
10	B6WXM2
10	G7LUJ7
10	C4IK07
10	B8J0R1
11	Q39VF1
11	A2TBP9
11	A0A101GT22
11	D8WWC2
11	B0CLU7
11	K0NCD2
11	A2TBP8
11	K0NM05
11	A0A060GLE5
11	A0A060GM51
11	A0A0A2U381
11	A0A0A7H950
11	A0A0F2S8L2
11	B9M011
11	A0A101WCH5
11	O87943
11	R4KCB7
11	Q5P6A2
11	K0ND30
11	I7GGX4
11	R4KI57
11	A0A096ZNX3
11	A0A117SHS9
11	Q8VPT7
11	I6LHT8
11	A0A0F2SCX8
11	S0G2Y2
11	A0A101WT05
11	A4GKI6
11	A0A101WIG0
11	O68395
11	Q8L1A3
11	A4GKI7
11	A0A0A7H9B9
11	A0A0A2HSK1
11	A0A060GSE4
11	A2TBQ2
11	A0A101G5A0
11	A2TBQ1
11	B9M021
12	A0A173STL7
12	R5C3N9
12	C0CSM3
12	D5S4P4
12	U3X4I3
12	G6B2Y0
12	G6BHT3
12	A0A0N1HPV7
12	A0A031WCL4
12	U3UYG7
12	U3XR46
12	T3DP05
12	U3V986
12	T4ILS7
12	A0A0N1ICH9
12	C9XIS5
12	C9YHW1
12	A0A0J0U7J6
12	U3UD38
12	Q18CP5
12	A0A160XDA0
12	A0A0N1P879
12	A0A125V1Q8
12	Q84F16
12	A0A160XF01
12	D5Q989
12	F0YVT7
12	A0A173ULY0
12	R5C238
12	C0CQ61
12	X8HWA0
12	E1QVI8
12	A0A099S3M3
12	A0A0P6YDT3
12	A0A0E3JS98
12	Q38HX4
12	C6PUK1
12	F0SW35
12	A0A101VQ84
12	Z4WRU1
12	B9CLF7
12	S2ZR37
12	A0A140L3G3
12	R6J4M6
12	A0A174FUW2
12	F0YZA4
12	A0A075KHH8
12	A0A0E4BG13
12	G8UI84
12	A0A0M3EJM9
12	A0A174DZW1
12	A0A101WEA2
12	A0A100YUQ0
12	R7D4X2
12	A0A0M1LIM4
12	C5UV32
12	A0A0M0A789
12	B2TL41
12	R6QAT7
12	R7BAG5
12	A0A143XAV1
13	I7LRM4
13	A0A139NPS1
13	U2T954
13	M4YZL7
13	Q1JK62
13	V4QYT2
13	E7PY73
13	B9DVL5
13	G5JZU9
13	A0A0F5NPS4
13	Q1JF58
13	A0A0H3BZJ0
13	A0A0H2UWH1
13	F5U7M3
13	J7M1Y6
13	Q1J508
13	A0A0E2UE09
13	K4QD79
13	A0A0C6FTG6
13	F3L9U0
13	Q48RJ3
13	A0A0E1ERP7
13	U3TQR9
13	I7MYZ5
13	Q5XA47
13	A0A140JUD3
13	G5K7S8
13	Q99Y65
13	C5WJ14
13	D0BLK8
13	J3FAK3
13	S5QZ90
13	A0A074IZQ5
13	A0A091BX44
13	A0A0W7V1T9
13	A0A0E1XNA6
13	F8LL15
13	A0A091BPV2
13	H2A8N7
13	A0A0U3DZI8
13	A0A0F3HEP8
13	B1SEH0
13	E8KTC4
13	F5WWY3
13	A0A0W7V7T0
13	G5JXX6
13	A0A060RKC9
13	E0PFZ7
13	O66391
13	W3XSI9
13	A0A081JFH0
13	F8LRR0
13	A0A110ZSR0
13	R7MTK9
13	H6PC89
13	C2LRW7
13	X8JLD6
13	J7SHU7
13	G2GT22
13	E8JQC8
13	A0A0U3DDS5
13	T0UTX5
13	T0T4D2
13	E3CQU0
13	A0A135YPJ9
13	Q59934
13	A0A0E2EY77
13	A0A0E2EHB7
13	T0UNH6
13	A0A172Q598
13	A0A0S3JMF3
13	E9DL00
13	I0QJI4
13	F8HFV9
13	A0A139NI30
13	A0A0D1BFH5
13	V6Z501
13	B4U135
13	A0A0D1APG5
13	A0A0D1BAJ9
13	A0A0G6YNQ7
13	C0MEN8
13	C0MAU8
13	A0A0E1DUG8
13	A0A072EVJ0
13	G5KC78
13	A0A0E4H6X2
13	V8ANB3
13	F9VBW4
13	K2NWJ5
13	A0A139MEK0
13	A0A098CU93
13	A0A0D6DYT6
13	E3CM64
13	G5JRT6
13	U2J431
13	A0A0P6S280
13	U5UCA4
13	A0A0Z8MBN5
13	A0A075SNW0
13	A0A0Z8GA12
13	G5KZI4
13	A0A0Z8QC05
13	D5AFN7
13	A0A0M9FGT7
13	A0A0Z8KPA9
13	A0A0Z8SV50
13	A0A123TB97
13	A0A116LQ98
13	A0A123UFV1
13	A0A0Z8A0T0
13	A0A0N0DPP1
13	A0A0Z8F9B3
13	G7SEX2
13	A4VSS9
13	A0A0Z8KD45
13	A0A0Z8VRA1
13	A0A0Z8MMB5
13	A0A0N0DM86
13	A0A0Z8IBC7
13	A0A0Z8W5R4
13	G7SML1
13	A0A0H3MT92
13	A0A116RQR9
13	W3XV58
13	A0A0T7TQ49
13	A0A100EH02
13	A0A0T7Z1G3
13	A0A139RPF0
13	F9M3Q8
13	A0A024DHT6
13	I2NLV1
13	S7XNI6
13	B2IM81
13	K1AF20
13	E9FMB6
13	A0A0T8C288
13	A0A139PL16
13	A0A0B7LW40
13	V8I297
13	A0A0F3HT19
13	F9PWW2
13	V8BF21
13	R0P0S4
13	D2ERZ3
13	A0A139PV83
13	E1LP68
13	A0A0H2ZQE4
13	F2C8L0
13	E1LQC0
13	I0ST25
13	A0A127TTR4
13	G6LKT6
13	A0A139NF83
13	A0A0T9A8F7
13	E1M363
13	I0T8C8
13	F0FFK4
13	A0A0E7TMP1
13	E3CFN9
13	F3SJY1
13	F9Q361
13	M5MX70
13	U5PDQ2
13	A0A0F2DMN0
13	G6C7X4
13	K8MPS2
13	B1I9Q0
13	E6KKQ3
13	K1AAH8
13	F9LZA8
13	F9HKJ6
13	A0A081PTW1
13	F9E3M6
13	A0A0Y3JKT7
13	A0A0T7YMF3
13	A0A0T8BMD9
13	J4Q3T6
13	X8KEM4
13	A0A0T8QTS3
13	A0A0Z5S3T6
13	M5K5F3
13	S7XRH3
13	S3AI72
13	Q8DQZ6
13	A0A139QRG3
13	A0A0T8QCV5
13	A0A0E2P3H8
13	S7XA92
13	A5LK26
13	I2JCN4
13	A0A139Q7D1
13	J4XA44
13	F0IR89
13	T0V9W0
13	F8DJN7
13	A0A0X8JXF0
13	A0A0A0DDN3
13	V8IGT7
13	A0A0T7K3V4
13	A0A0F2DZ30
13	T0TE63
13	A0A0M5KM29
13	K0ZFW8
13	F3UPP5
13	F9PCY2
13	I0S7H1
13	F9HBB9
13	E8JVA5
13	C1C5J6
13	A0A139PFT9
13	A0A178K592
13	A0A0T8U1L8
13	J4K9E2
13	A0A139QXN7
13	A0A0T9IX89
13	A0A0U0CPG4
13	A0A081Q979
13	I2JAG6
13	A0A139N448
13	J1DK07
13	I0Q1J0
13	X8HH85
13	E0PPG8
13	A0A133S3J7
13	A0A150NQD2
13	D4FQ16
13	F2QFA1
13	M5K3E9
13	E9FEE1
13	K8MSZ1
13	F0I9H5
13	D6ZQU3
13	E1LJ96
13	A0A0F2D063
13	E8JY93
13	U5P552
13	G6J8K4
13	D3HB05
13	X8KC86
13	A0A150NK64
13	E8K6T7
13	C1CCM3
13	A0A064C510
13	A3CKU3
13	A0A0B7LKC5
13	F2CG43
13	A0A0U0K9C4
13	V8IF09
13	R0LH40
13	A0A0F3H6C7
13	A0A0D6J457
13	A0A0T8TLV2
13	A0A081PYM4
13	E8KRQ1
13	F5VZU5
13	I0SWK3
13	E0Q2T8
13	A0A139PM26
13	A0A139PBP3
13	F5VSI6
13	A0A139PRS9
13	G6LSB2
13	A0A0F3HBN3
13	I0QF84
13	I1ZNZ1
13	A0A095ZC50
13	A0A0T8B5S7
13	F9P1Y3
13	A0A0F2CPM3
13	I0Q6R4
13	G0I6S0
13	A0A158LMD9
13	F3UUW4
13	A0A0X9EGD3
13	A0A0H2UNL5
13	A0A0T9AGG9
13	F0FV78
13	A0A081QRE4
13	A0A0B7GIF3
13	A0A081QEE9
13	J1GWW9
13	A0A139MM97
13	A0A0F2E5S0
13	F9MK08
13	E7S998
13	A0A081QMQ8
13	A0A0T7ZCW2
13	A0A139RJW8
13	A0A081QD76
13	A5MAD3
13	M3I7Q6
13	S9RGL9
13	M3IVH6
13	A0A0A6S8Y9
13	F1YX98
13	S8FXM1
13	F8Y2Q4
13	S9CDJ2
13	A0A0E1EPU5
13	S9B9P8
13	S8P7Q4
13	Q8E3I7
13	S8NZI1
13	Q8DXW8
13	A0A0H1Y9K4
13	A0A0H1V1F2
13	A0A0G2Z924
13	S8HJ73
13	S8FG08
13	S9AZ22
13	A0A133RUT2
13	E7S2L4
13	S9KQG0
13	S8Q6I9
13	A0A0H1UF62
13	A0A0H1UI64
13	S8FU18
13	S9C8D2
13	S8Q1U9
13	S8GFI7
13	W1U6G4
13	E6J2N7
13	I0S5J6
13	F9PAK1
13	X8HBC7
13	I0SJS1
13	G6A6G7
13	A0A0W3F131
13	A0A139QF97
13	F5U3I3
13	A0A0E9EDL0
13	A0A0P0N661
13	J5HBD3
13	A0A0C1HKJ2
13	A0A0E2ITN5
13	U2Y2V7
13	T1ZD63
13	K8YPR9
13	U2ZV85
13	F8LT35
13	Q5M2Y4
13	A0A0M4HEC9
13	R5ZGN7
13	A0A0E2QFT2
13	A0A0E2RCV0
13	V8LTU4
13	G6EPP6
13	A0A0M5KGZ4
13	A0A0F2D6S8
13	F0HZ68
13	N0CFR6
13	A0A0F3HUX4
13	F3UEX9
13	A0A0F2CCN9
13	F2BUN2
13	A0A139N4F8
13	F0IQ52
13	F9HG55
13	E8KA45
13	D0RSI3
13	A8AUV6
13	O32797
13	A0A0V8BNJ0
13	T0V5V3
13	G6F9G8
13	U5PJG6
13	O32799
13	A0A0V8B4D8
13	A0A166VW83
13	U6ELA8
13	T0WNG4
13	K7W7I9
13	T0TDB2
13	T0UK23
13	A0A165GBH6
13	A0A0V8AX71
13	T2F4B8
13	A0A0V8DMG4
13	A0A0A7SYI3
13	H5SXG9
13	A0A0V8EKA6
13	Q030W6
13	A0A0M2ZZ45
13	A0A0V8D504
13	A0A0V8BYR1
13	S6F1I9
13	A0A0B8R049
13	A0A089XPS5
13	G8P708
13	A0A084AER5
13	D2BPC0
13	T0UHW5
13	A0A166YJU3
14	U3XSF2
14	T4I0U9
14	Q18AX8
14	A0A125V3Z3
14	D5Q5A5
14	C9YK50
14	U3UL52
14	A0A160WCP2
14	A0A0N1P8R2
14	A0A160YM90
14	G6B892
14	U3VH88
14	U3V614
14	A0A0H3N0Q0
14	D5S3A1
14	G6BN47
14	U3X572
14	A0A0N1HRY1
14	T3DH76
14	A0A0N0P0L2
14	A0A069ACR4
14	W1UQ72
14	R5X8H1
14	B0AD77
14	A0A069RFE1
14	A0A133SGV0
14	C6PVT6
14	A0A0E3JNE2
14	A0A0K9NCJ5
14	A6TPN1
14	N1ZE80
14	A0A0J6WT09
14	U7UQR1
14	F7NKS1
14	A0A110A795
14	A0A161W1J5
14	C0C023
14	A8MK87
14	I8TSP5
14	I9LEN8
14	R5ABJ4
14	F6DKL9
14	B9E5C8
14	A5N1L4
14	A0A136WD40
14	R7B9M0
14	A0A0F2SG71
15	A0A060GM47
15	A0A060GTJ5
15	B0CMZ9
15	A0A0K2ZAZ9
15	B8FEM4
15	A0A142JYV7
15	A0A0W8FUJ6
15	A0A0W8FN41
15	E0WEX9
15	A0A0F2NHU6
15	A0A142JYV8
15	A0A0Q1A1W1
15	A0A142JYV5
15	A0A060GSE2
15	A0A0C1RQS8
15	A0A094K1W7
15	A0A142JYV6
15	A9J4K4
15	D8WZ05
15	W6CHK3
15	A0A142JYV4
15	A0A0Q1F7T8
15	B0CN00
15	B8FF75
16	R6QGH8
16	A0A0J1GMY3
16	C9A820
16	R2SPS3
16	R9JZX2
16	F0Z275
16	A0A083ZZW7
16	F0Z2A9
16	E3H684
16	A0A174KU93
16	N9XQT4
16	R2VCM5
16	W3APH6
16	D3AJZ8
16	A0A174MFZ7
16	E8LWQ1
16	A6CWD5
16	A0A084TB79
16	A0A165ICG6
16	A0A0R1GLI9
16	E3H691
16	A0A0C2NI92
17	R5Z720
17	A0A0E9FN73
17	A0A0M2NIB2
17	A0A173RHB6
17	B0P051
17	D1APR6
17	H3N5B1
17	E2SHK5
17	A0A0S8IBH0
17	R9LTW3
17	D1ARQ1
17	A0A0K8JKM8
17	A0A140DV12
17	G9PIM6
17	U5F5V9
17	H1BJ82
17	I9NKK8
17	A0A0F6U0B1
17	A0A0G3QG61
17	A0A0S3J5Y6
17	E3G4R1
17	H1BH97
17	R6UK85
17	E4LT69
17	A0A175A9E8
17	T4N859
17	N9WG49
17	G1VJY4
17	A0A099I4L9
18	R6ZM21
18	U2QTM5
18	H1AJF4
18	A0A140DXE8
18	A0A099I4R8
18	H1BH73
18	R6V374
18	N9V724
18	T4NMH7
18	G1VJU6
18	E4LT98
18	A0A175AEQ8
18	R9LTH4
18	A0A011A8L4
18	D4N180
18	B0NXL8
18	B7CD02
18	A0A073IEX5
18	D1ANR4
18	E2SNW2
18	B1C5B7
18	A0A174G3I2
18	A0A078SR21
18	A0A174S9G0
18	A0A0J9DH82
18	A0A069SBN3
18	K6BP10
18	A0A174QQM0
18	K6BIQ1
18	A0A173VNR0
18	D7ISL8
18	C7XCX3
18	A6LD36
18	D0TGA4
18	R6IVG3
18	E1YT04
18	K6BAX9
18	H1BLI3
18	U5F7S7
18	B0MJB5
19	A0A0C1D9R8
19	A0A093TMD6
19	A3RV69
19	A0A0G7ZXF3
19	S9PET5
19	H8Y6M3
19	A0A0M3BZY6
19	H8MUA0
19	A0A0B2XVS7
19	A0A084ST45
19	A0A0M3AH13
19	N9NH58
19	R8Y5Z5
19	A0A0J5ZDI6
19	A0A0A8XHJ9
19	D0RZP3
19	A0A0S4TYY4
19	Q8XZ58
19	A0A0S4VJF4
19	A0A177S5A8
19	A0A0S4WLE8
19	A0A0S4W001
19	M4UGK9
19	A0A0S4XGN5
19	A0A0S4UWZ2
19	A0A0S4UZT8
19	D8NB68
20	A0A073IRC8
20	A0A117S5G2
20	A0A0F2Q108
20	R7B2F9
20	S0SG11
20	A0A010YU58
20	G9PVR7
20	R5XYH7
20	I4D332
20	G2G0P6
20	C0C5J5
20	R2SDP6
20	A0A073J2H3
20	R6QNW3
20	B6FJR9
21	A0A124FFF1
21	C6A251
21	A0A101F1Q5
21	A0A0T5X9U5
21	I4BZ30
21	Q5JFY6
21	H3ZMH7
21	A8F6C2
21	B5Y6E3
21	L0HNW0
21	A0A101EFU9
21	A0A162MVU1
21	A0A101DMH6
21	B1L491
21	F4LRJ5
21	A0A0U9HDS0
21	A0A140LAC5
21	B5IEV9
22	A0A0K9NAT4
22	B0NGB8
22	F7KP66
22	R6NVF0
22	R6WA99
22	R9MJN3
22	A0A0U5P2D4
22	C0C0P7
22	A0A174K6W3
22	F0Z126
22	R5XX63
22	R6DZU1
23	A0A0P4U1H0
23	A0A0A1F6X1
23	A0A0Q6W544
23	W0VCZ1
23	F6B1U0
23	A0A031I385
23	A0A127PY59
23	Q2HBR9
23	A0A0J0A071
23	A0A0I9XDA8
23	S0EPM7
23	W7N540
23	A0A0I9ZCV8
24	A0A0F9W6Q7
24	A0A0F9U219
24	A0A0F9U227
24	A0A0F9TJG0
24	A0A0F9TJG3
24	A0A0F9U224
24	A0A0F9UHC7
24	A0A0F9WRG3
25	A0A073ITI3
25	R2Q2Y5
25	G4Q4X6
25	C0W9F6
25	R6M3C8
25	A0A0R1KB33
25	G5HD78
25	A0A0J9BZR2
25	A0A0F0CL90
25	E6MIT9
25	J1H8W1
25	E5VNH8
25	A0A174GH81
26	A0A150GZU0
26	A8HMX2
26	A0A061RIN7
26	A0A0D2LHP7
26	D8UHK4
26	Q1RS83
26	A0A150GYZ7
27	R9MRT1
27	M5DYF9
27	G1WPQ7
27	B0G487
27	K2DMD0
27	A0A174PSS0
27	R0BHT3
27	N9YP41
27	R6JIC6
27	A0A0E2HGX5
27	A0A0U5PAB4
27	N9Z9M6
27	R0BH54
27	A8RPY0
27	R7PN46
27	R5F213
27	E1RA88
27	A0A0P6YAC6
28	A0A0K8JBP5
28	D1AFQ7
28	D0GN72
28	U2Q801
28	B2TJX0
28	A0A0M0A869
28	C7NCG5
28	A0A134AK54
28	U2RT65
28	U2Q900
28	C9N0T4
28	U2V9X7
29	R6E2J4
29	R6DTA9
29	C7N778
29	R9LZG1
29	R9M115
29	F9MU78
30	A0A0H3XMX9
30	V5RHK0
30	R4UGJ4
30	A0A0K1W0N5
30	W6A806
30	A0A0K1P592
31	V4FI92
31	A0A0W8FML8
31	B8FHW6
31	A8ZUG3
31	A0A0Q0W3I4
31	A0A0M9DXA4
32	E1QXZ2
32	X8HS46
32	A0A174H1C3
32	F0Z0V1
32	R7D0K5
32	A0A100YXA1
32	F0YVD2
33	A0A0G4K2Z4
33	D2ZGF9
33	A0A175QL36
33	L0M6L3
33	A0A014M200
33	A0A073VCV7
33	I6HC53
33	A0A133LGB4
33	A0A0N8LW56
33	A0A0D7M4Q4
33	A0A0A1RHU6
33	A0A0J1L0E7
33	A0A0J1NJK2
34	A0A0F9MS30
34	A0A0F9PR44
34	A0A0F8XYB2
34	A0A0F9FRV9
34	A0A0F9RSM8
34	A0A0F9EIS0
35	A0A095YU54
35	R6DR67
35	W2BVP1
35	R6F0Q7
35	B1C847
36	A0A177MQA5
36	A0A126T7N0
36	D9SGL3
36	A0A177MQC3
36	A0A177MX22
36	A0A172UEH9
36	A0A177P5L9
36	A0A177MZI8
37	F0JEY8
37	C6BT93
37	B6WVM4
37	A0A0E0T4A1
37	A0A0H3A6Q5
37	Q729S7
38	A0A154BWA2
38	A0A100YWM3
38	Q30WU7
38	A0A174FP99
39	A0A0F9TJF5
39	A0A0F9T2J9
39	A0A0F9RW10
39	A0A0F9U215
40	A0A068NI47
40	R0B9W5
40	F0Z2S0
40	A0A174A6N2
41	A0A0Q0VR02
41	A0A0W8FUD3
41	A0A0W8FRS5
41	A0A0Q1AB42
42	N0BKU3
42	A0A101DF56
42	O28823
42	A0A0A7GEG9
42	A0A0F7IF56
43	A0A084T9J5
43	A6CVH9
43	A0A165JQN9
43	A0A0B8PY23
43	A0A0B8NK97
43	A0A0S3J6L2
43	E3G1J2
44	R5RQA7
44	A0A0I9S9G9
44	A0A0I9TYK2
44	A0A081UFD7
44	E4W1J8
44	K1G4T3
44	A0A175A1U0
44	A0A174H3C4
44	R6Z0D5
44	A0A0F5IWU6
44	A0A149NMW7
44	A0A015TDF0
44	K1FWD8
44	A0A015XC08
44	A0A139TGA3
44	A0A0E2RZ51
44	A0A015U0Y3
44	A0A016BQS2
44	I9K028
44	A0A0E2SQE2
44	D1JVG0
44	A0A016E949
44	A0A015TBS3
44	F7LVB7
44	A0A016BI31
44	A0A015YGC3
44	Q64N16
44	A0A015QHV0
44	E1WQQ9
44	A0A015SQK6
44	R6ZG60
44	A0A017N1J7
44	Q5L7U5
44	A0A0K6BZM2
44	A0A015RV43
44	A0A0E2A7T7
44	A0A016EAH7
44	A0A0E2T295
44	A0A017N462
44	A0A0E2AKR7
45	C3Z558
45	C3Z8Z6
45	C3Z553
46	A0A0Q1ALV0
46	A0A0N0D306
46	A0A0W8FLS9
47	B8LBJ4
47	A0A0G4FZB3
47	B8CF70
48	A0A0E3M8P3
48	A0A166SJU7
48	B1BA70
48	A0A0A0IHA2
48	A0A0L7NFY0
49	E1YFQ9
49	D2XBH8
49	B0CLU5
49	B0CLU8
49	B0CLU6
49	D8FBK7
49	A0A0F2NFL6
50	A0A0Q0W1P7
50	B8FDB2
50	A0A0W8FMG0
50	V4FCX2
51	A0A0S7ZN25
51	A0A0S7ZHA0
51	A0A081CAF0
52	A0A139A8W4
52	Q6RFH7
52	O94133
52	K9LHG4
52	K9LGX5
52	K9LI23
53	G1V5E9
53	E5Y2N6
53	G1V5F1
53	E5Y2N4
53	A0A0X8JHB5
53	G1UVK2
54	A0A0G0MZ24
54	K2BPR6
54	A0A0G1DZ52
55	A0A0C7NCU8
55	A0A174IJ31
55	S0FGI9
56	R5H4V4
56	F7K598
56	A0A174W4W6
56	A0A174W5M8
57	A0A101GRY1
57	A0A101GBX3
58	A0A060GLE0
58	A0A0F2SFV9
58	A0A0F2NKH2
59	A5CZF4
59	A0A0S8K6Z6
60	A0A0S8F275
60	A0A0S8BKP4
61	G7LUM6
61	E3I4V0
61	A0A037UYE2
62	A0A0L6TX86
62	H6LFY7
63	B6WVS5
63	E5YA81
64	H6LFZ0
64	A0A0L6TX75
65	A0A0F9MCD9
65	A0A0F9TKE0
65	A0A0F8XJF2
66	A0A0S6VPN4
66	A0A081BV09
67	A0A0S7ZQT6
67	R4K6E2
68	A0A174XMY6
68	V7I496
69	E5Y4P1
69	G1V070
70	A0A0F9MIC2
70	A0A0F9RF68
71	A0A0M2U0V4
71	A0A0F2PC91
72	A0A136Q5E5
72	A0A0M2NGW0
73	G9RZJ8
73	A6NRV0
74	A0A010ZN87
74	G9PVR6
74	A0A073J5B8
75	S0FKT5
75	A0A174XM46
76	N2BYX9
76	A0A0R2HUV7
76	F2N7D5
77	A0A135VMY2
77	A0A135VKS2
78	A0A0F9RVN4
78	A0A0F8VKZ9
79	A0A0H3IXA6
79	A0A171N086
79	A0A146GW20
79	A0A0H3GE02
79	G2ZC71
79	E3YRK9
79	A0A171M150
79	A0A0B8R2R8
79	A0A171N8S5
79	A0A171MSC9
79	A0A171MIH4
79	A0A0F5Z7V6
79	A0A0E0UYF5
79	A0A171NK15
79	H1G8R2
79	A0A0E1RE87
79	A0AK29
79	Q92A91
79	A0A171M9R3
79	A0A097B6M0
79	Q8Y5Y6
79	W7CD26
80	H3NKM0
80	A0A143YBK1
80	A0A143Z7Y2
80	A0A143YYR1
81	F0Z1V7
81	A0A174J9C0
82	U2DLS9
82	A0A174F1B2
82	A5ZSK3
82	F0YVI7
83	G5HSY5
83	J0MVV4
84	N9VII7
84	A0A174M043
84	A0A174VTC6
85	A0A090N4R7
85	A4RTH8
86	A0A124IJF3
86	F0SUW1
87	A7VUT3
87	R6MZ29
87	A0A174ILK3
88	A0A174XP59
88	F7KKB9
88	U2BKS8
89	G5RKZ2
89	G5RDI4
90	A0A173ZLM3
90	N9WWS0
90	D3AH80
90	A0A174WDY6
91	C0BYY1
91	R5IZ82
92	S2KI19
93	D6XC58
94	A0A146KDR1
95	A0A0D2NN58
96	A0A0M0BH12
97	A0A0Q1A2Y0
98	A6G8C6
99	A0A174LF87
99	F0YVZ7
100	F1TG12
101	B9M4R7
102	D9SUM7
103	E1YHT7
104	I4C671
105	A0A0S4LPH7
106	A0A0R1VLQ7
107	A0A0C2A1B3
108	A0A0C1Z8P6
109	R5J414
110	E4RMV7
111	B8FMK7
112	R6MR39
113	H0PUT3
114	A0A0P6WP22
115	A0A0F2Q1X9
116	A0A085LA19
116	A0A060GI59
117	A0A174W8V9
117	H1CGT6
117	G9YN72
117	A0A096B4W6
117	A0A174PA34
117	A0A174UQD2
117	U2DBE5
118	I4C5J8
119	F6ICL9
120	B8FA81
121	A0A0S7X6T8
122	K0NR56
123	A0A0F9RE25
124	A0A0L6U1F4
125	U2BHB9
126	I4A4B8
127	A0A0M2NKL8
128	F0Z3X0
128	A0A174L736
129	B1C5P6
130	A0A124G424
130	A0A060GI62
131	A0A124FIM8
132	A0A0S7X6R7
133	F7V3S1
134	A0A0F2QAE3
135	G1V073
136	A0A0M2NIW5
137	A0A0S8KGW2
138	H6LFY6
139	A6TKL5
140	A0A127AQE8
141	B0MIH0
141	E5VRL3
142	B8FFL2
143	A0A0M2NMT9
144	A0A151AX32
145	A0A135VQY2
146	A0A0M2U4U2
147	A0A0F2JIX8
148	A0A174XJP9
149	V7I9D4
150	R4KEI2
151	A0A173S205
152	B8G188
153	B1Q4S6
154	H1CLJ0
154	A0A174V4Q5
155	E3GNY5
156	A0A0W8FL18
157	A0A0S8IIS4
158	A0A073J0W2
159	A0A133UUQ0
159	A0A133U8F5
159	A0A133UHA6
160	A0A0M2NPG2
161	A0A173ZGI4
161	F0YWZ0
162	A0A0F2Q2M3
163	C0QGR8
164	R4KAN9
165	A0A0F2Q201
166	A0A0M2NDU3
167	H1CLJ4
167	A0A174V1I4
168	R9MTQ1
169	F4GJ52
170	A0A0S7WEY6
171	F0Z239
172	A8ZW07
173	A0A0A0DVC5
174	A0A0S8I7Q5
175	E1R9S8
176	A0A0K9N841
177	A0A0G3EFV4
178	I6ARK0
179	A0A0M2U450
180	C1N297
181	K8EB92
182	N9W5G9
183	S2KRM2
184	R6ZUZ2
185	C0D3D3
186	A0A0G9L5V8
187	F8RGZ1
188	C0CUZ2
189	A0A161WR93
190	R5HQ67
191	A0A136Q7D3
192	A0A0U5NPR4
193	A0A151BL95
194	R6LMF2
195	A0A0J1GD69
196	A0A0F9WF35
197	A0A0F9W192
198	A0A174PVX3
199	A0A0F9X1X3
200	A0A0G0N003
201	U2QU25
202	S0FN65
203	G5ILT2
204	R7FKR5
205	A0A174EXZ0
206	A0A101VZA3
207	A0A0J1GPV1
208	F0SW32
209	A0A0W8FYN4
210	A0A174REB9
211	A7VW43
211	R6N7Y2
212	A0A098M885
213	A0A178IPB7
214	F0YTG2
215	A0A0F9W1L6
216	A0A097STA6
217	F5YF08
218	R5AFQ7
219	A0A0G4EPX2
220	A0A0F9YG05
221	A0A0H3U8C7
222	R6ND32
222	A7VPJ9
223	A0A0M0BEB4
224	A0A0N0V2Z9
225	A0A0F9V5X2
226	S0FWE3
227	W5VG97
228	R6SPH8
229	A0A178IG23
230	R5EXH4
231	E1QMF6
232	F3ZX73
233	A0A150ARC2
234	A0A173T9G2
234	C6IIV1
234	Q8A3J9
234	A0A174KP02
235	A0A0F9ER35
236	R6UC25
237	C5EHI0
238	A0A126R0H0
239	R6TYY3
240	A0A0F9V5Y6
241	A0A0F9YFW5
242	R6J307
243	F7KFQ6
243	A0A174R1V4
244	A0A0F9V616
245	A0A101HY92
246	R9HMA1
247	F7KCX2
248	E1ZD18
249	D3E4A8
250	F4LMG8
251	R5A7W4
252	R7GI81
253	R5Y8K9
254	R5W5L9
255	A0A0F9FJ91
256	A0A174XER0
257	C7XCZ5
258	H1B4E8
259	F7PWQ9
260	H1BJS5
260	U5FA69
261	A0A0E2HN50
262	D5ET86
263	A0A087B617
264	H5XZF3
265	A0A0S7ZS05
266	R6LIS3
267	O26446
268	T2GGV4
269	A0A135VWA9
270	Q24T37
271	A0A077ZJ88
272	A0A0S8GU00
273	A0A164NCE3
274	R6M2V7
275	A0A0S8IJ57
276	A0A0S8HNF7
277	A0A0S8E684
278	A0A0R1R6B3
279	R5ELG2
280	A0A0S8K0V5
281	A0A0F9C6I1
282	R6E6H1
283	A0A090RXX4
284	G9YFM2
285	A0A0F9LFR1
286	A0A177QPG5
287	A0A0K8JBP0
288	X1KDW8
289	A0A0S8FNY7
290	A0A0F9SB91
290	A0A0F9H6E1
291	A0A0S8J037
